date,ticker,shares_holding,current_price,current_value,yesterday_value,return_change,pnl_dollar,entry_price,cum_pnl,weight,shares_change,is_rebalance_day,ym
2022-04-01,AWKNRGPCG,3942.9900000000002,200.15200805664062,99800.31813240051,0.0,0.0,0.0,200.15200805664062,0.0,1.0,3942.9900000000002,3,606612
2022-04-04,AWKNRGPCG,3942.9900000000002,196.94400787353516,98115.35662872315,99800.31813240051,-0.05064997792656514,-1684.9615036773682,200.15200805664062,-1684.9615036773682,1.0,0.0,0,606612
2022-04-05,AWKNRGPCG,3942.9900000000002,198.14514636993408,98291.67461815834,98115.35662872315,0.005376138664503859,176.31798943519595,200.15200805664062,-1508.6435142421724,1.0,0.0,0,606612
2022-04-06,AWKNRGPCG,3942.9900000000002,200.83653831481934,100043.57699308396,98291.67461815834,0.05363742566027945,1751.9023749256132,200.15200805664062,243.25886068344107,0.9999999999999999,0.0,0,606612
2022-04-07,AWKNRGPCG,3942.9900000000002,202.88766479492188,100997.71547512055,100043.57699308396,0.029064958415797336,954.1384820365906,200.15200805664062,1197.3973427200317,1.0,0.0,0,606612
2022-04-08,AWKNRGPCG,3942.9900000000002,202.67917156219482,102544.93179385187,100997.71547512055,0.04616156315942056,1547.216318731308,200.15200805664062,2744.61366145134,1.0,0.0,0,606612
2022-04-11,AWKNRGPCG,3942.9900000000002,200.50536632537842,99671.13476801873,102544.93179385187,-0.08310186662198141,-2873.7970258331297,200.15200805664062,-129.18336438179017,1.0,0.0,0,606612
2022-04-12,AWKNRGPCG,3942.9900000000002,200.56407737731934,100855.26545663833,99671.13476801873,0.03587857186555438,1184.1306886196137,200.15200805664062,1054.9473242378235,1.0,0.0,0,606612
2022-04-13,AWKNRGPCG,3942.9900000000002,199.51443481445312,101360.38281547546,100855.26545663833,0.014659915706647283,505.1173588371277,200.15200805664062,1560.0646830749513,1.0,0.0,0,606612
2022-04-14,AWKNRGPCG,3942.9900000000002,198.4483461380005,100038.0067241764,101360.38281547546,-0.0378911660341068,-1322.3760912990572,200.15200805664062,237.6885917758941,1.0,0.0,0,606612
2022-04-18,AWKNRGPCG,3942.9900000000002,195.5161075592041,99534.15436346055,100038.0067241764,-0.01581336063367393,-503.8523607158662,200.15200805664062,-266.1637689399721,1.0,0.0,0,606612
2022-04-19,AWKNRGPCG,3942.9900000000002,197.3028440475464,100164.89137949943,99534.15436346055,0.01960318441756552,630.7370160388947,200.15200805664062,364.57324709892265,1.0,0.0,0,606612
2022-04-20,AWKNRGPCG,3942.9900000000002,201.6827268600464,102386.92293971061,100164.89137949943,0.06594127312299351,2222.031560211182,200.15200805664062,2586.604807310104,1.0,0.0,0,606612
2022-04-21,AWKNRGPCG,3942.9900000000002,198.23539447784424,100536.78960339547,102386.92293971061,-0.05292036059673426,-1850.133336315155,200.15200805664062,736.4714709949492,0.9999999999999999,0.0,0,606612
2022-04-22,AWKNRGPCG,3942.9900000000002,195.35123825073242,98082.03210094452,100536.78960339547,-0.07216532018862987,-2454.757502450943,200.15200805664062,-1718.2860314559937,1.0,0.0,0,606612
2022-04-25,AWKNRGPCG,3942.9900000000002,191.69150829315186,96313.72270960808,98082.03210094452,-0.05411539547767983,-1768.3093913364412,200.15200805664062,-3486.595422792435,1.0,0.0,0,606612
2022-04-26,AWKNRGPCG,3942.9900000000002,189.46840476989746,96628.32658361435,96313.72270960808,0.009789001766220527,314.60387400627155,200.15200805664062,-3171.9915487861635,1.0,0.0,0,606612
2022-04-27,AWKNRGPCG,3942.9900000000002,187.2493772506714,96320.16191565513,96628.32658361435,-0.01055449646916938,-308.16466795921326,200.15200805664062,-3480.1562167453762,1.0,0.0,0,606612
2022-04-28,AWKNRGPCG,3942.9900000000002,192.25242519378662,98899.0557537365,96320.16191565513,0.07978401815087732,2578.8938380813597,200.15200805664062,-901.2623786640168,1.0,0.0,0,606612
2022-04-29,AWKNRGPCG,3942.9900000000002,185.1548728942871,96052.39724311829,98899.0557537365,-0.0871870937166642,-2846.65851061821,200.15200805664062,-3747.9208892822267,1.0,0.0,0,606612
2022-05-02,AESNEENRG,3303.3,113.28882217407227,95748.57175216675,31396.833873062133,0.02618357673158005,822.081408843994,114.3713150024414,-1040.1457089233397,1.0,2335.2400000000002,3,606615
2022-05-03,AESNEENRG,3303.3,114.422607421875,96566.148440094,95748.57175216675,0.025620780667844897,817.5766879272462,114.3713150024414,-222.56902099609363,1.0,0.0,0,606615
2022-05-04,AESNEENRG,3303.3,118.53582763671875,100471.33121917726,96566.148440094,0.12141605098596675,3905.182779083252,114.3713150024414,3682.613758087158,1.0,0.0,0,606615
2022-05-05,AESNEENRG,3303.3,116.45656967163086,98532.6739656067,100471.33121917726,-0.057731531070248684,-1938.6572535705566,114.3713150024414,1743.9565045166014,1.0,0.0,0,606615
2022-05-06,AESNEENRG,3303.3,120.02548217773438,101419.73975372314,98532.6739656067,0.08833745108432887,2887.065788116455,114.3713150024414,4631.022292633057,1.0,0.0,0,606615
2022-05-09,AESNEENRG,3303.3,117.73236083984375,99280.57589164734,101419.73975372314,-0.06558625151154678,-2139.163862075806,114.3713150024414,2491.858430557251,0.9999999999999999,0.0,0,606615
2022-05-10,AESNEENRG,3303.3,117.23756790161133,99022.90974380494,99280.57589164734,-0.008892583502598361,-257.6661478424072,114.3713150024414,2234.1922827148437,1.0,0.0,0,606615
2022-05-11,AESNEENRG,3303.3,117.51609802246094,99205.54394012451,99022.90974380494,0.005398959461710722,182.6341963195801,114.3713150024414,2416.8264790344238,1.0,0.0,0,606615
2022-05-12,AESNEENRG,3303.3,115.20966529846191,97297.76062774658,99205.54394012451,-0.05919605444981017,-1907.7833123779299,114.3713150024414,509.0431666564946,1.0,0.0,0,606615
2022-05-13,AESNEENRG,3303.3,117.84578704833984,99890.4540753174,97297.76062774658,0.08119079887262286,2592.693447570801,114.3713150024414,3101.736614227295,1.0,0.0,0,606615
2022-05-16,AESNEENRG,3303.3,119.58864974975586,101303.05573287964,99890.4540753174,0.03778146283943803,1412.601657562256,114.3713150024414,4514.338271789551,1.0,0.0,0,606615
2022-05-17,AESNEENRG,3303.3,122.90320587158203,104234.46027267457,101303.05573287964,0.0876323891684871,2931.404539794922,114.3713150024414,7445.742811584472,1.0,0.0,0,606615
2022-05-18,AESNEENRG,3303.3,122.04756355285645,103434.78938873291,104234.46027267457,-0.027303355772438503,-799.6708839416505,114.3713150024414,6646.071927642823,1.0,0.0,0,606615
2022-05-19,AESNEENRG,3303.3,122.34167671203613,104260.03157546997,103434.78938873291,0.023978443000625037,825.2421867370606,114.3713150024414,7471.314114379883,1.0,0.0,0,606615
2022-05-20,AESNEENRG,3303.3,122.46187400817871,103964.80523925781,104260.03157546997,-0.006590570956297768,-295.22633621215823,114.3713150024414,7176.0877781677245,1.0,0.0,0,606615
2022-05-23,AESNEENRG,3303.3,124.5759220123291,105899.71400131226,103964.80523925781,0.057961190731054234,1934.9087620544433,114.3713150024414,9110.996540222168,1.0,0.0,0,606615
2022-05-24,AESNEENRG,3303.3,126.23437690734863,106716.22578659058,105899.71400131226,0.026415129917672156,816.5117852783204,114.3713150024414,9927.508325500488,1.0,0.0,0,606615
2022-05-25,AESNEENRG,3303.3,127.44189643859863,107967.87096237183,106716.22578659058,0.03325512936924592,1251.6451757812501,114.3713150024414,11179.15350128174,1.0,0.0,0,606615
2022-05-26,AESNEENRG,3303.3,128.02071952819824,108842.66641159057,107967.87096237183,0.026952903361402703,874.79544921875,114.3713150024414,12053.94895050049,1.0,0.0,0,606615
2022-05-27,AESNEENRG,3303.3,130.68590545654297,110574.41020126342,108842.66641159057,0.05170581927147042,1731.7437896728518,114.3713150024414,13785.692740173341,1.0,0.0,0,606615
2022-05-31,AESNEENRG,3303.3,128.4180393218994,108816.3088735962,110574.41020126342,-0.04868611551827932,-1758.1013276672365,114.3713150024414,12027.591412506104,1.0,0.0,0,606615
2022-06-01,AWKFENEE,1783.94,243.65189361572266,108155.25793792725,34737.05815658569,0.006341517698617697,220.2856690979004,237.81183295677857,3072.9231175231903,1.0,1274.72,3,606618
2022-06-02,AWKFENEE,1783.94,248.45498657226562,109827.93516174317,108155.25793792725,0.04635163890954807,1672.6772238159183,237.81183295677857,4745.600341339108,1.0,0.0,0,606618
2022-06-03,AWKFENEE,1783.94,248.3006248474121,109540.60847640992,109827.93516174317,-0.00811907706396571,-287.32668533325193,237.81183295677857,4458.2736560058565,1.0,0.0,0,606618
2022-06-06,AWKFENEE,1783.94,249.56444931030273,110197.78435974121,109540.60847640992,0.01754616788134146,657.1758833312989,237.81183295677857,5115.449539337155,1.0,0.0,0,606618
2022-06-07,AWKFENEE,1783.94,250.83771133422852,110460.55621643068,110197.78435974121,0.007365587030876467,262.7718566894531,237.81183295677857,5378.221396026608,1.0,0.0,0,606618
2022-06-08,AWKFENEE,1783.94,246.27913665771484,108655.16371170044,110460.55621643068,-0.04882905425582209,-1805.3925047302246,237.81183295677857,3572.8288912963844,1.0,0.0,0,606618
2022-06-09,AWKFENEE,1783.94,241.95407104492188,106881.3416607666,108655.16371170044,-0.04894274855621483,-1773.822050933838,237.81183295677857,1799.006840362546,1.0,0.0,0,606618
2022-06-10,AWKFENEE,1783.94,238.4184913635254,105507.96508987427,106881.3416607666,-0.03811359829413126,-1373.376570892334,237.81183295677857,425.63026947021217,1.0,0.0,0,606618
2022-06-13,AWKFENEE,1783.94,226.8638687133789,100605.38605651856,105507.96508987427,-0.13930421461307685,-4902.579033355713,237.81183295677857,-4476.948763885502,1.0,0.0,0,606618
2022-06-14,AWKFENEE,1783.94,219.01811599731445,98028.16880722047,100605.38605651856,-0.07707029354590272,-2577.217249298096,237.81183295677857,-7054.166013183597,0.9999999999999999,0.0,0,606618
2022-06-15,AWKFENEE,1783.94,221.9033603668213,98707.5898223114,98028.16880722047,0.019569933780244082,679.4210150909425,237.81183295677857,-6374.744998092655,1.0,0.0,0,606618
2022-06-16,AWKFENEE,1783.94,214.35387229919434,95381.5740209198,98707.5898223114,-0.09984799017084081,-3326.0158013916016,237.81183295677857,-9700.760799484256,1.0,0.0,0,606618
2022-06-17,AWKFENEE,1783.94,214.82178497314453,95225.28984451294,95381.5740209198,-0.00507232454797836,-156.28417640686035,237.81183295677857,-9857.044975891116,1.0,0.0,0,606618
2022-06-21,AWKFENEE,1783.94,218.9807643890381,96802.97165504456,95225.28984451294,0.0485062646262045,1577.6818105316165,237.81183295677857,-8279.3631653595,1.0,0.0,0,606618
2022-06-22,AWKFENEE,1783.94,223.30940437316895,98553.2990171051,96802.97165504456,0.053015322796606645,1750.3273620605469,237.81183295677857,-6529.0358032989525,1.0,0.0,0,606618
2022-06-23,AWKFENEE,1783.94,233.12162399291992,102164.53183319092,98553.2990171051,0.10928817722531367,3611.232816085816,237.81183295677857,-2917.802987213138,1.0,0.0,0,606618
2022-06-24,AWKFENEE,1783.94,237.57887077331543,103724.06281486512,102164.53183319092,0.04555633334155204,1559.5309816741944,237.81183295677857,-1358.2720055389436,1.0,0.0,0,606618
2022-06-27,AWKFENEE,1783.94,238.7484893798828,104534.83107391358,103724.06281486512,0.02550899240283966,810.7682590484618,237.81183295677857,-547.5037464904813,1.0,0.0,0,606618
2022-06-28,AWKFENEE,1783.94,233.61565399169922,102629.79578521728,104534.83107391358,-0.05390019607995068,-1905.0352886962892,237.81183295677857,-2452.539035186771,1.0,0.0,0,606618
2022-06-29,AWKFENEE,1783.94,234.2504425048828,102964.1753100586,102629.79578521728,0.010848930867971536,334.3795248413086,237.81183295677857,-2118.159510345462,1.0,0.0,0,606618
2022-06-30,AWKFENEE,1783.94,238.39972305297852,104491.33882537842,102964.1753100586,0.04362651118012515,1527.1635153198245,237.81183295677857,-590.9959950256375,1.0,0.0,0,606618
2022-07-01,FEPCGVST,6276.780000000001,65.35544395446777,107711.1104870224,32487.73174758911,0.02448550472049353,795.4785090637207,67.88841573601684,-2733.4058386230504,1.0,5278.26,3,606621
2022-07-05,FEPCGVST,6276.780000000001,61.932251930236816,102158.95253811836,107711.1104870224,-0.15466334278237057,-5552.157948904037,67.88841573601684,-8285.563787527088,1.0,0.0,0,606621
2022-07-06,FEPCGVST,6276.780000000001,61.79902172088623,102011.61206866265,102158.95253811836,-0.004218420223399516,-147.340469455719,67.88841573601684,-8432.904256982805,1.0,0.0,0,606621
2022-07-07,FEPCGVST,6276.780000000001,62.47328472137451,103894.81416346549,102011.61206866265,0.05543758355659856,1883.2020948028567,67.88841573601684,-6549.70216217995,1.0,0.0,0,606621
2022-07-08,FEPCGVST,6276.780000000001,62.32609462738037,103853.15418522834,103894.81416346549,-0.0015830638468660929,-41.6599782371521,67.88841573601684,-6591.362140417102,1.0,0.0,0,606621
2022-07-11,FEPCGVST,6276.780000000001,62.43385410308838,103608.30014376639,103853.15418522834,-0.006342242510285492,-244.85404146194466,67.88841573601684,-6836.216181879046,1.0,0.0,0,606621
2022-07-12,FEPCGVST,6276.780000000001,62.81991672515869,104224.69071724892,103608.30014376639,0.018210297443632475,616.3905734825133,67.88841573601684,-6219.825608396533,1.0,0.0,0,606621
2022-07-13,FEPCGVST,6276.780000000001,62.8014612197876,104240.98983120918,104224.69071724892,0.00047661955446587356,16.29911396026614,67.88841573601684,-6203.526494436267,1.0,0.0,0,606621
2022-07-14,FEPCGVST,6276.780000000001,63.07330322265625,104467.65804170608,104240.98983120918,0.0066948307635677174,226.66821049690245,67.88841573601684,-5976.858283939365,1.0,0.0,0,606621
2022-07-15,FEPCGVST,6276.780000000001,63.13360118865967,105107.37159710884,104467.65804170608,0.018381376851324384,639.7135554027558,67.88841573601684,-5337.144728536608,1.0,0.0,0,606621
2022-07-18,FEPCGVST,6276.780000000001,63.32097625732422,105507.97290727615,105107.37159710884,0.011400447078149622,400.60131016731265,67.88841573601684,-4936.543418369297,1.0,0.0,0,606621
2022-07-19,FEPCGVST,6276.780000000001,64.84911155700684,108409.75424417495,105507.97290727615,0.0819856605306749,2901.7813368988036,67.88841573601684,-2034.7620814704924,1.0,0.0,0,606621
2022-07-20,FEPCGVST,6276.780000000001,64.69035911560059,108268.07675130843,108409.75424417495,-0.004182510522706724,-141.6774928665161,67.88841573601684,-2176.439574337009,1.0,0.0,0,606621
2022-07-21,FEPCGVST,6276.780000000001,64.41928291320801,107536.4851891136,108268.07675130843,-0.019609834757165736,-731.5915621948243,67.88841573601684,-2908.0311365318335,1.0,0.0,0,606621
2022-07-22,FEPCGVST,6276.780000000001,64.55363368988037,107615.88596440315,107536.4851891136,0.002535505075786511,79.40077528953543,67.88841573601684,-2828.6303612422976,1.0,0.0,0,606621
2022-07-25,FEPCGVST,6276.780000000001,65.26437187194824,108863.64244829176,107615.88596440315,0.034769571265985406,1247.756483888626,67.88841573601684,-1580.8738773536713,1.0,0.0,0,606621
2022-07-26,FEPCGVST,6276.780000000001,65.86237716674805,109297.11120603561,108863.64244829176,0.013051179221999807,433.46875774383534,67.88841573601684,-1147.4051196098358,1.0,0.0,0,606621
2022-07-27,FEPCGVST,6276.780000000001,66.3375825881958,110340.10194920539,109297.11120603561,0.028411740226274754,1042.9907431697845,67.88841573601684,-104.41437644005168,1.0,0.0,0,606621
2022-07-28,FEPCGVST,6276.780000000001,67.95506381988525,112601.74866539954,110340.10194920539,0.06213906685791333,2261.6467161941528,67.88841573601684,2157.2323397541013,1.0,0.0,0,606621
2022-07-29,FEPCGVST,6276.780000000001,69.81591701507568,115342.27104638098,112601.74866539954,0.07283616663214319,2740.522380981445,67.88841573601684,4897.7547207355465,1.0,0.0,0,606621
2022-08-01,ETRNRGPCG,5419.03,95.1274938583374,114080.71162208557,38042.28354214668,0.00460407419019267,175.14949579238893,94.4689826965332,2339.9535623550414,1.0,1854.9399999999998,3,606624
2022-08-02,ETRNRGPCG,5419.03,94.79533290863037,114022.79987567902,114080.71162208557,-0.001554611959934388,-57.91174640655515,94.4689826965332,2282.0418159484866,1.0,0.0,0,606624
2022-08-03,ETRNRGPCG,5419.03,95.96105098724365,115210.11783370972,114022.79987567902,0.03120851994767301,1187.3179580307005,94.4689826965332,3469.359773979187,1.0,0.0,0,606624
2022-08-04,ETRNRGPCG,5419.03,98.17920207977295,117263.22888889312,115210.11783370972,0.054274481828158826,2053.1110551834104,94.4689826965332,5522.4708291625975,1.0,0.0,0,606624
2022-08-05,ETRNRGPCG,5419.03,97.13098526000977,116499.17199562074,117263.22888889312,-0.01923465651058966,-764.0568932724,94.4689826965332,4758.4139358901975,1.0,0.0,0,606624
2022-08-08,ETRNRGPCG,5419.03,97.72246170043945,117393.93901763915,116499.17199562074,0.023026736533936602,894.7670220184326,94.4689826965332,5653.18095790863,1.0,0.0,0,606624
2022-08-09,ETRNRGPCG,5419.03,98.07833480834961,117753.06317752838,117393.93901763915,0.009203479570975458,359.12415988922123,94.4689826965332,6012.305117797851,1.0,0.0,0,606624
2022-08-10,ETRNRGPCG,5419.03,98.88041496276855,119172.90069824219,117753.06317752838,0.036353588299776265,1419.837520713806,94.4689826965332,7432.142638511657,1.0,0.0,0,606624
2022-08-11,ETRNRGPCG,5419.03,100.57440376281738,121852.66495738983,119172.90069824219,0.06712485393191868,2679.764259147644,94.4689826965332,10111.9068976593,1.0,0.0,0,606624
2022-08-12,ETRNRGPCG,5419.03,102.89767074584961,124613.4639761734,121852.66495738983,0.06791658233965854,2760.7990187835694,94.4689826965332,12872.70591644287,0.9999999999999999,0.0,0,606624
2022-08-15,ETRNRGPCG,5419.03,104.03236484527588,126372.77519500731,124613.4639761734,0.04196454660549845,1759.3112188339232,94.4689826965332,14632.017135276794,1.0,0.0,0,606624
2022-08-16,ETRNRGPCG,5419.03,104.53103351593018,126862.31894641876,126372.77519500731,0.011650012998769724,489.543751411438,94.4689826965332,15121.560886688232,1.0,0.0,0,606624
2022-08-17,ETRNRGPCG,5419.03,103.91784858703613,125823.6241398239,126862.31894641876,-0.02448751498365794,-1038.6948065948486,94.4689826965332,14082.866080093383,1.0,0.0,0,606624
2022-08-18,ETRNRGPCG,5419.03,104.42152214050293,126550.16148620605,125823.6241398239,0.01648433939542272,726.537346382141,94.4689826965332,14809.403426475525,1.0,0.0,0,606624
2022-08-19,ETRNRGPCG,5419.03,104.34511947631836,126118.4856980133,126550.16148620605,-0.009124130838647795,-431.675788192749,94.4689826965332,14377.727638282777,1.0,0.0,0,606624
2022-08-22,ETRNRGPCG,5419.03,102.73799324035645,123502.91736965178,126118.4856980133,-0.06164663605308923,-2615.5683283615112,94.4689826965332,11762.159309921264,1.0,0.0,0,606624
2022-08-23,ETRNRGPCG,5419.03,102.0342960357666,122902.46850833892,123502.91736965178,-0.014683763344772716,-600.4488613128661,94.4689826965332,11161.710448608399,1.0,0.0,0,606624
2022-08-24,ETRNRGPCG,5419.03,102.26351547241211,123864.58860961912,122902.46850833892,0.023398238044407986,962.1201012802123,94.4689826965332,12123.830549888611,1.0,0.0,0,606624
2022-08-25,ETRNRGPCG,5419.03,103.63295269012451,126566.26240509033,123864.58860961912,0.06428129740045715,2701.673795471191,94.4689826965332,14825.504345359801,1.0,0.0,0,606624
2022-08-26,ETRNRGPCG,5419.03,102.39420223236084,125209.1152873993,126566.26240509033,-0.031632762105169444,-1357.1471176910397,94.4689826965332,13468.357227668763,1.0,0.0,0,606624
2022-08-29,ETRNRGPCG,5419.03,102.4251537322998,125269.2689063263,125209.1152873993,0.0015589133900865107,60.153618927001986,94.4689826965332,13528.510846595764,1.0,0.0,0,606624
2022-08-30,ETRNRGPCG,5419.03,100.59815406799316,122871.08304603577,125269.2689063263,-0.05728484926517538,-2398.185860290527,94.4689826965332,11130.324986305237,1.0,0.0,0,606624
2022-08-31,ETRNRGPCG,5419.03,100.23888301849365,123022.63142555236,122871.08304603577,0.002504345308690953,151.54837951660159,94.4689826965332,11281.873365821837,1.0,0.0,0,606624
2022-09-01,AWKDUKEXC,1795.5,271.6681709289551,123874.13141040801,0.0,0.0,0.0,271.6681709289551,0.0,1.0,1795.5,3,606627
2022-09-02,AWKDUKEXC,1795.5,267.22893142700195,122160.36432468414,123874.13141040801,-0.04150432399679918,-1713.767085723877,271.6681709289551,-1713.767085723877,1.0,0.0,0,606627
2022-09-06,AWKDUKEXC,1795.5,267.13008880615234,121974.03661521911,122160.36432468414,-0.0045280959517224675,-186.32770946502686,271.6681709289551,-1900.0947951889038,1.0,0.0,0,606627
2022-09-07,AWKDUKEXC,1795.5,275.73646545410156,125780.45907577514,121974.03661521911,0.09363637462753935,3806.4224605560303,271.6681709289551,1906.3276653671264,1.0,0.0,0,606627
2022-09-08,AWKDUKEXC,1795.5,276.14134979248047,125942.89670455933,125780.45907577514,0.003935304259476571,162.4376287841797,271.6681709289551,2068.765294151306,0.9999999999999999,0.0,0,606627
2022-09-09,AWKDUKEXC,1795.5,277.49097442626953,126742.60481582642,125942.89670455933,0.01904550287340013,799.7081112670899,271.6681709289551,2868.473405418396,1.0,0.0,0,606627
2022-09-12,AWKDUKEXC,1795.5,280.4015693664551,127912.068158226,126742.60481582642,0.027708766369797588,1169.4633423995972,271.6681709289551,4037.936747817993,1.0,0.0,0,606627
2022-09-13,AWKDUKEXC,1795.5,271.89638900756836,123654.58406948089,127912.068158226,-0.09973948188604256,-4257.484088745117,271.6681709289551,-219.547340927124,1.0,0.0,0,606627
2022-09-14,AWKDUKEXC,1795.5,274.350284576416,124738.60089824678,123654.58406948089,0.02628700749236328,1084.0168287658691,271.6681709289551,864.4694878387452,0.9999999999999999,0.0,0,606627
2022-09-15,AWKDUKEXC,1795.5,265.6298141479492,121034.40314422609,124738.60089824678,-0.0890085158369697,-3704.197754020691,271.6681709289551,-2839.728266181946,1.0,0.0,0,606627
2022-09-16,AWKDUKEXC,1795.5,265.95245361328125,121088.83723617555,121034.40314422609,0.0013584750336633517,54.434091949462896,271.6681709289551,-2785.294174232483,1.0,0.0,0,606627
2022-09-19,AWKDUKEXC,1795.5,266.8532524108887,121564.08979511261,121088.83723617555,0.011773279176925123,475.2525589370727,271.6681709289551,-2310.0416152954103,1.0,0.0,0,606627
2022-09-20,AWKDUKEXC,1795.5,262.4500312805176,119703.16455623627,121564.08979511261,-0.04594812357095435,-1860.9252388763427,271.6681709289551,-4170.966854171753,1.0,0.0,0,606627
2022-09-21,AWKDUKEXC,1795.5,259.657283782959,118250.94404758453,119703.16455623627,-0.0363754789547725,-1452.2205086517333,271.6681709289551,-5623.187362823486,1.0,0.0,0,606627
2022-09-22,AWKDUKEXC,1795.5,258.2200469970703,117592.58298637389,118250.94404758453,-0.01683807129199015,-658.3610612106323,271.6681709289551,-6281.548424034119,1.0,0.0,0,606627
2022-09-23,AWKDUKEXC,1795.5,255.64652252197266,116700.62763175965,117592.58298637389,-0.0226724236838928,-891.9553546142578,271.6681709289551,-7173.503778648376,0.9999999999999999,0.0,0,606627
2022-09-26,AWKDUKEXC,1795.5,248.92083358764648,113616.87868831634,116700.62763175965,-0.07923729762954056,-3083.7489434432982,271.6681709289551,-10257.252722091675,1.0,0.0,0,606627
2022-09-27,AWKDUKEXC,1795.5,243.9592056274414,111541.47888671875,113616.87868831634,-0.05466470273214279,-2075.3998015975953,271.6681709289551,-12332.65252368927,1.0,0.0,0,606627
2022-09-28,AWKDUKEXC,1795.5,247.14967346191406,112335.91885482788,111541.47888671875,0.021531612571448012,794.4399681091309,271.6681709289551,-11538.21255558014,1.0,0.0,0,606627
2022-09-29,AWKDUKEXC,1795.5,237.68085098266602,107671.48588352204,112335.91885482788,-0.12462423110208873,-4664.432971305847,271.6681709289551,-16202.645526885986,1.0,0.0,0,606627
2022-09-30,AWKDUKEXC,1795.5,232.83675384521484,105779.5754951477,107671.48588352204,-0.0523769852973278,-1891.9103883743287,271.6681709289551,-18094.555915260316,1.0,0.0,0,606627
2022-10-03,ATODUKEXC,1891.5099999999998,211.95945739746094,108765.64601394653,70299.9993030548,0.052062436032853626,1829.1516878509522,228.2397992377003,-10441.572166175845,1.0,392.8199999999999,3,606630
2022-10-04,ATODUKEXC,1891.5099999999998,216.12762069702148,111372.441130867,108765.64601394653,0.0718702606339156,2606.795116920471,228.2397992377003,-7834.7770492553755,1.0,0.0,0,606630
2022-10-05,ATODUKEXC,1891.5099999999998,210.20006561279297,108164.31296211242,111372.441130867,-0.08627551973185604,-3208.1281687545775,228.2397992377003,-11042.905218009952,1.0,0.0,0,606630
2022-10-06,ATODUKEXC,1891.5099999999998,203.55605697631836,104903.42502292633,108164.31296211242,-0.09055441616895685,-3260.887939186096,228.2397992377003,-14303.793157196047,1.0,0.0,0,606630
2022-10-07,ATODUKEXC,1891.5099999999998,200.08902740478516,103012.48549644469,104903.42502292633,-0.054000621867426046,-1890.9395264816283,228.2397992377003,-16194.732683677677,1.0,0.0,0,606630
2022-10-10,ATODUKEXC,1891.5099999999998,201.35200881958008,104013.39728237152,103012.48549644469,0.028825741705806138,1000.9117859268188,228.2397992377003,-15193.820897750858,1.0,0.0,0,606630
2022-10-11,ATODUKEXC,1891.5099999999998,203.49737548828125,104636.83191925049,104013.39728237152,0.018498419825304268,623.4346368789672,228.2397992377003,-14570.386260871892,1.0,0.0,0,606630
2022-10-12,ATODUKEXC,1891.5099999999998,196.4129180908203,100844.43963638306,104636.83191925049,-0.10882910272640275,-3792.3922828674313,228.2397992377003,-18362.77854373932,1.0,0.0,0,606630
2022-10-13,ATODUKEXC,1891.5099999999998,201.28087997436523,103569.23674594879,100844.43963638306,0.08097764566559976,2724.797109565735,228.2397992377003,-15637.981434173587,1.0,0.0,0,606630
2022-10-14,ATODUKEXC,1891.5099999999998,196.65228652954102,101365.9160892868,103569.23674594879,-0.06350560948975309,-2203.3206566619874,228.2397992377003,-17841.302090835576,1.0,0.0,0,606630
2022-10-17,ATODUKEXC,1891.5099999999998,200.45686721801758,103238.64182796478,101365.9160892868,0.055692472953153604,1872.7257386779784,228.2397992377003,-15968.576352157595,1.0,0.0,0,606630
2022-10-18,ATODUKEXC,1891.5099999999998,204.27213668823242,105053.9485136795,103238.64182796478,0.05286949511149497,1815.3066857147214,228.2397992377003,-14153.269666442873,1.0,0.0,0,606630
2022-10-19,ATODUKEXC,1891.5099999999998,202.59918594360352,103905.61321941375,105053.9485136795,-0.03279132056326334,-1148.335294265747,228.2397992377003,-15301.60496070862,1.0,0.0,0,606630
2022-10-20,ATODUKEXC,1891.5099999999998,197.90777015686035,101220.91100057602,103905.61321941375,-0.07753426533125522,-2684.7022188377377,228.2397992377003,-17986.30717954636,1.0,0.0,0,606630
2022-10-21,ATODUKEXC,1891.5099999999998,201.49413299560547,103363.66064369201,101220.91100057602,0.06358449377205833,2142.749643115997,228.2397992377003,-15843.557536430362,0.9999999999999999,0.0,0,606630
2022-10-24,ATODUKEXC,1891.5099999999998,201.46904373168945,103458.30540782928,103363.66064369201,0.0028518046926967137,94.64476413726806,228.2397992377003,-15748.912772293093,1.0,0.0,0,606630
2022-10-25,ATODUKEXC,1891.5099999999998,205.38715744018555,105566.53573703766,103458.30540782928,0.061052755867514324,2108.230329208374,228.2397992377003,-13640.68244308472,1.0,0.0,0,606630
2022-10-26,ATODUKEXC,1891.5099999999998,205.8390769958496,105676.53456241608,105566.53573703766,0.003312093134696847,109.99882537841799,228.2397992377003,-13530.683617706301,1.0,0.0,0,606630
2022-10-27,ATODUKEXC,1891.5099999999998,207.27512741088867,106286.58018482209,105676.53456241608,0.017205787498480424,610.0456224060058,228.2397992377003,-12920.637995300294,1.0,0.0,0,606630
2022-10-28,ATODUKEXC,1891.5099999999998,212.9714469909668,109246.99796146393,106286.58018482209,0.08374600323921785,2960.4177766418456,228.2397992377003,-9960.22021865845,1.0,0.0,0,606630
2022-10-31,ATODUKEXC,1891.5099999999998,211.60274124145508,108581.52907894133,109246.99796146393,-0.018337916102933574,-665.468882522583,228.2397992377003,-10625.689101181033,1.0,0.0,0,606630
2022-11-01,CMSPEGSO,2073.44,157.6908721923828,108568.30945762634,0.0,0.0,0.0,157.6908721923828,0.0,1.0,2073.44,3,606633
2022-11-02,CMSPEGSO,2073.44,157.06060791015625,108174.54841777802,108568.30945762634,-0.010880503854881849,-393.76103984832764,157.6908721923828,-393.76103984832764,1.0,0.0,0,606633
2022-11-03,CMSPEGSO,2073.44,157.78694915771484,108694.97090530396,108174.54841777802,0.014376247830476536,520.4224875259399,157.6908721923828,126.66144767761222,1.0,0.0,0,606633
2022-11-04,CMSPEGSO,2073.44,158.68679809570312,109344.09526168824,108694.97090530396,0.01775590309761902,649.1243563842773,157.6908721923828,775.7858040618895,1.0,0.0,0,606633
2022-11-07,CMSPEGSO,2073.44,156.4558563232422,107854.4697467041,109344.09526168824,-0.04108731791377779,-1489.6255149841309,157.6908721923828,-713.8397109222414,1.0,0.0,0,606633
2022-11-08,CMSPEGSO,2073.44,157.71504592895508,108718.21066944124,107854.4697467041,0.024032899826512667,863.7409227371215,157.6908721923828,149.9012118148803,0.9999999999999999,0.0,0,606633
2022-11-09,CMSPEGSO,2073.44,156.13261032104492,107618.31206958772,108718.21066944124,-0.03029893907246442,-1099.8985998535156,157.6908721923828,-949.9973880386353,1.0,0.0,0,606633
2022-11-10,CMSPEGSO,2073.44,162.76251602172852,112214.54109008788,107618.31206958772,0.12807568332133368,4596.229020500183,157.6908721923828,3646.2316324615476,1.0,0.0,0,606633
2022-11-11,CMSPEGSO,2073.44,160.43985748291016,110585.3621485901,112214.54109008788,-0.04327674258015265,-1629.1789414978027,157.6908721923828,2017.0526909637454,1.0,0.0,0,606633
2022-11-14,CMSPEGSO,2073.44,158.61259841918945,109308.54977973938,110585.3621485901,-0.03450367730040576,-1276.812368850708,157.6908721923828,740.240322113037,1.0,0.0,0,606633
2022-11-15,CMSPEGSO,2073.44,160.11669921875,110281.81580574036,109308.54977973938,0.02710703818400212,973.2660260009766,157.6908721923828,1713.5063481140137,1.0,0.0,0,606633
2022-11-16,CMSPEGSO,2073.44,161.54902267456055,111315.77632411956,110281.81580574036,0.027936438804456815,1033.9605183792114,157.6908721923828,2747.466866493225,1.0,0.0,0,606633
2022-11-17,CMSPEGSO,2073.44,158.27590560913086,109019.50802791596,111315.77632411956,-0.061854452291407326,-2296.268296203613,157.6908721923828,451.19857028961195,1.0,0.0,0,606633
2022-11-18,CMSPEGSO,2073.44,162.349853515625,111854.12860244751,109019.50802791596,0.07804453825085678,2834.620574531555,157.6908721923828,3285.8191448211674,1.0,0.0,0,606633
2022-11-21,CMSPEGSO,2073.44,162.7303810119629,112116.24698955537,111854.12860244751,0.007047002126090223,262.1183871078491,157.6908721923828,3547.937531929016,1.0,0.0,0,606633
2022-11-22,CMSPEGSO,2073.44,163.46334075927734,112630.2719114685,112116.24698955537,0.013819781548390668,514.024921913147,157.6908721923828,4061.962453842163,1.0,0.0,0,606633
2022-11-23,CMSPEGSO,2073.44,164.9522247314453,113671.44771110534,112630.2719114685,0.027657594889494798,1041.1757996368408,157.6908721923828,5103.138253479004,1.0,0.0,0,606633
2022-11-25,CMSPEGSO,2073.44,166.00715255737305,114387.05000350953,113671.44771110534,0.018915477969721387,715.6022924041748,157.6908721923828,5818.740545883179,1.0,0.0,0,606633
2022-11-28,CMSPEGSO,2073.44,163.88519287109375,112938.12073223115,114387.05000350953,-0.038191277704283454,-1448.9292712783813,157.6908721923828,4369.811274604797,1.0,0.0,0,606633
2022-11-29,CMSPEGSO,2073.44,163.19850540161133,112456.21947288513,112938.12073223115,-0.012567416375240906,-481.9012593460083,157.6908721923828,3887.9100152587894,1.0,0.0,0,606633
2022-11-30,CMSPEGSO,2073.44,167.65288162231445,115527.97952930452,112456.21947288513,0.08228166814548575,3071.7600564193726,157.6908721923828,6959.670071678162,1.0,0.0,0,606633
2022-12-01,DEVRGSO,2158.15,161.55148696899414,115568.45734180452,37750.132084045414,0.0011827483279289433,44.64890560150147,159.06653853163388,1605.3263895034795,0.9999999999999999,1525.58,3,606636
2022-12-02,DEVRGSO,2158.15,160.9720573425293,115167.2318315506,115568.45734180452,-0.010408964420499526,-401.22551025390624,159.06653853163388,1204.1008792495734,1.0,0.0,0,606636
2022-12-05,DEVRGSO,2158.15,159.78978729248047,114259.8258518219,115167.2318315506,-0.02357721320730056,-907.4059797286986,159.06653853163388,296.6948995208745,1.0,0.0,0,606636
2022-12-06,DEVRGSO,2158.15,160.07991790771484,114382.18817230224,114259.8258518219,0.0029401049307122614,122.36232048034685,159.06653853163388,419.05722000122137,1.0,0.0,0,606636
2022-12-07,DEVRGSO,2158.15,160.92402267456055,115018.55164848329,114382.18817230224,0.0165233955811673,636.3634761810304,159.06653853163388,1055.4206961822517,1.0,0.0,0,606636
2022-12-08,DEVRGSO,2158.15,163.34143829345703,116828.94834842681,115018.55164848329,0.046675847947547665,1810.3966999435424,159.06653853163388,2865.817396125794,1.0,0.0,0,606636
2022-12-09,DEVRGSO,2158.15,163.38779067993164,116895.09251247408,116828.94834842681,0.0014594462786473522,66.14416404724116,159.06653853163388,2931.9615601730347,0.9999999999999999,0.0,0,606636
2022-12-12,DEVRGSO,2158.15,167.82532501220703,119990.85867675782,116895.09251247408,0.08024874543970123,3095.7661642837525,159.06653853163388,6027.727724456789,1.0,0.0,0,606636
2022-12-13,DEVRGSO,2158.15,168.07921981811523,120165.3515261841,119990.85867675782,0.0042763051095627246,174.49284942626954,159.06653853163388,6202.220573883058,1.0,0.0,0,606636
2022-12-14,DEVRGSO,2158.15,167.21939086914062,119525.00959323884,120165.3515261841,-0.01640379056473834,-640.3419329452515,159.06653853163388,5561.878640937806,1.0,0.0,0,606636
2022-12-15,DEVRGSO,2158.15,165.9878044128418,118665.70940986634,119525.00959323884,-0.021626423482178938,-859.3001833724976,159.06653853163388,4702.578457565309,1.0,0.0,0,606636
2022-12-16,DEVRGSO,2158.15,164.2036247253418,117407.96973869324,118665.70940986634,-0.03126889795044651,-1257.7396711730958,159.06653853163388,3444.8387863922126,1.0,0.0,0,606636
2022-12-19,DEVRGSO,2158.15,164.08592224121094,117369.40479553223,117407.96973869324,-0.00029592908140306864,-38.564943161010774,159.06653853163388,3406.2738432312017,1.0,0.0,0,606636
2022-12-20,DEVRGSO,2158.15,165.1348876953125,118108.11931228638,117369.40479553223,0.018883459196899453,738.7145167541505,159.06653853163388,4144.988359985353,1.0,0.0,0,606636
2022-12-21,DEVRGSO,2158.15,167.51595306396484,119786.0657157898,118108.11931228638,0.04231386043857101,1677.946403503418,159.06653853163388,5822.934763488771,1.0,0.0,0,606636
2022-12-22,DEVRGSO,2158.15,167.55904388427734,119815.67144348146,119786.0657157898,0.0012454043464127996,29.605727691650394,159.06653853163388,5852.540491180421,1.0,0.0,0,606636
2022-12-23,DEVRGSO,2158.15,169.30765533447266,121042.61910243989,119815.67144348146,0.030468347513545678,1226.947658958435,159.06653853163388,7079.488150138855,1.0,0.0,0,606636
2022-12-27,DEVRGSO,2158.15,170.73110580444336,122067.32185092926,121042.61910243989,0.025883679027745746,1024.70274848938,159.06653853163388,8104.190898628236,1.0,0.0,0,606636
2022-12-28,DEVRGSO,2158.15,169.69815826416016,121346.54648952486,122067.32185092926,-0.017696707653759466,-720.7753614044191,159.06653853163388,7383.4155372238165,0.9999999999999999,0.0,0,606636
2022-12-29,DEVRGSO,2158.15,170.5770492553711,121958.62456447602,121346.54648952486,0.01505173688948008,612.0780749511719,159.06653853163388,7995.493612174989,1.0,0.0,0,606636
2022-12-30,DEVRGSO,2158.15,169.1090316772461,120924.41810066224,121958.62456447602,-0.02528464941013049,-1034.2064638137817,159.06653853163388,6961.287148361207,1.0,0.0,0,606636
2023-01-03,CEGDNRG,2663.3999999999996,162.1355438232422,122086.8951850891,39090.64078598023,0.02690812086087219,1051.8556867980958,159.97712727121822,1657.4696544647175,1.0,1907.4199999999998,3,606903
2023-01-04,CEGDNRG,2663.3999999999996,163.94427871704102,123190.52925624847,122086.8951850891,0.027134836070819866,1103.6340711593627,159.97712727121822,2761.10372562408,1.0,0.0,0,606903
2023-01-05,CEGDNRG,2663.3999999999996,161.1832103729248,121128.07633890152,123190.52925624847,-0.050269510727393316,-2062.452917346954,159.97712727121822,698.650808277126,1.0,0.0,0,606903
2023-01-06,CEGDNRG,2663.3999999999996,163.00298500061035,122507.55614141464,121128.07633890152,0.034070806994633024,1379.4798025131224,159.97712727121822,2078.1306107902487,1.0,0.0,0,606903
2023-01-09,CEGDNRG,2663.3999999999996,163.65771484375,123134.64990463256,122507.55614141464,0.01512686636392149,627.093763217926,159.97712727121822,2705.2243740081744,1.0,0.0,0,606903
2023-01-10,CEGDNRG,2663.3999999999996,163.1673069000244,123113.57981924056,123134.64990463256,-0.0003147379627039676,-21.07008539199836,159.97712727121822,2684.154288616176,1.0,0.0,0,606903
2023-01-11,CEGDNRG,2663.3999999999996,164.109224319458,123255.1702597618,123113.57981924056,0.003946246278816887,141.59044052124023,159.97712727121822,2825.7447291374165,1.0,0.0,0,606903
2023-01-12,CEGDNRG,2663.3999999999996,165.08321952819824,124132.70444566726,123255.1702597618,0.0214505807621698,877.5341859054565,159.97712727121822,3703.278915042873,1.0,0.0,0,606903
2023-01-13,CEGDNRG,2663.3999999999996,165.2092456817627,123603.9477168846,124132.70444566726,-0.012804053937086411,-528.7567287826538,159.97712727121822,3174.5221862602193,1.0,0.0,0,606903
2023-01-17,CEGDNRG,2663.3999999999996,163.37866973876953,122800.27172470093,123603.9477168846,-0.018907175902918457,-803.6759921836854,159.97712727121822,2370.8461940765337,1.0,0.0,0,606903
2023-01-18,CEGDNRG,2663.3999999999996,160.82323455810547,120923.96323768616,122800.27172470093,-0.04576278647078008,-1876.3084870147704,159.97712727121822,494.5377070617635,1.0,0.0,0,606903
2023-01-19,CEGDNRG,2663.3999999999996,159.45782089233398,119788.21264469146,120923.96323768616,-0.02807301657316689,-1135.7505929946901,159.97712727121822,-641.2128859329266,1.0,0.0,0,606903
2023-01-20,CEGDNRG,2663.3999999999996,162.98954391479492,122628.27399204254,119788.21264469146,0.07135914950490702,2840.061347351074,159.97712727121822,2198.848461418148,1.0,0.0,0,606903
2023-01-23,CEGDNRG,2663.3999999999996,164.75541305541992,123817.62971981047,122628.27399204254,0.029065698703438485,1189.3557277679442,159.97712727121822,3388.2041891860918,1.0,0.0,0,606903
2023-01-24,CEGDNRG,2663.3999999999996,164.55963325500488,123997.3499158287,123817.62971981047,0.0042907005602048805,179.72019601821893,159.97712727121822,3567.924385204311,1.0,0.0,0,606903
2023-01-25,CEGDNRG,2663.3999999999996,164.15834045410156,123958.93342758178,123997.3499158287,-0.001039877566214634,-38.416488246917766,159.97712727121822,3529.5078969573933,1.0,0.0,0,606903
2023-01-26,CEGDNRG,2663.3999999999996,167.1028060913086,125791.13392295837,123958.93342758178,0.04416470954286679,1832.2004953765868,159.97712727121822,5361.708392333981,1.0,0.0,0,606903
2023-01-27,CEGDNRG,2663.3999999999996,167.91318321228027,126385.45099702835,125791.13392295837,0.013837270049150136,594.3170740699768,159.97712727121822,5956.025466403957,1.0,0.0,0,606903
2023-01-30,CEGDNRG,2663.3999999999996,163.86511611938477,124211.48978839873,126385.45099702835,-0.05036235213092243,-2173.9612086296083,159.97712727121822,3782.064257774349,1.0,0.0,0,606903
2023-01-31,CEGDNRG,2663.3999999999996,168.52012062072754,127645.41367658615,124211.48978839873,0.08266893772887027,3433.9238881874085,159.97712727121822,7215.988145961757,1.0,0.0,0,606903
2023-02-01,CEGETRNEE,2022.1200000000001,198.96041107177734,127634.9428554535,42367.49235992432,0.0005858644693457004,24.821608428955077,195.57427473711232,1737.1895237731967,1.0,1511.94,3,606906
2023-02-02,CEGETRNEE,2022.1200000000001,200.71303176879883,128895.12950187683,127634.9428554535,0.029652214070962114,1260.1866464233399,195.57427473711232,2997.376170196537,1.0,0.0,0,606906
2023-02-03,CEGETRNEE,2022.1200000000001,196.70207977294922,126338.30394889832,128895.12950187683,-0.059606297323827405,-2556.8255529785156,195.57427473711232,440.550617218021,1.0,0.0,0,606906
2023-02-06,CEGETRNEE,2022.1200000000001,197.85670471191406,127141.04996192933,126338.30394889832,0.018910077999474455,802.746013031006,195.57427473711232,1243.296630249027,1.0,0.0,0,606906
2023-02-07,CEGETRNEE,2022.1200000000001,200.49994659423828,128383.57687705994,127141.04996192933,0.029785013691345306,1242.5269151306152,195.57427473711232,2485.8235453796424,1.0,0.0,0,606906
2023-02-08,CEGETRNEE,2022.1200000000001,197.0422134399414,126148.2261733246,128383.57687705994,-0.05234901994232537,-2235.350703735352,195.57427473711232,250.4728416442905,1.0,0.0,0,606906
2023-02-09,CEGETRNEE,2022.1200000000001,195.01770401000977,124740.18969543457,126148.2261733246,-0.033223485936348295,-1408.0364778900148,195.57427473711232,-1157.5636362457244,1.0,0.0,0,606906
2023-02-10,CEGETRNEE,2022.1200000000001,199.7441062927246,127710.39849113465,124740.18969543457,0.07138889861747703,2970.208795700073,195.57427473711232,1812.645159454349,1.0,0.0,0,606906
2023-02-13,CEGETRNEE,2022.1200000000001,200.15435791015625,128020.29411865235,127710.39849113465,0.007313876872144583,309.8956275177003,195.57427473711232,2122.5407869720493,1.0,0.0,0,606906
2023-02-14,CEGETRNEE,2022.1200000000001,200.32264709472656,128192.53773239136,128020.29411865235,0.004058706233113321,172.24361373901377,195.57427473711232,2294.784400711063,1.0,0.0,0,606906
2023-02-15,CEGETRNEE,2022.1200000000001,201.7545394897461,129262.59678527832,128192.53773239136,0.02515002254241479,1070.059052886963,195.57427473711232,3364.843453598026,1.0,0.0,0,606906
2023-02-16,CEGETRNEE,2022.1200000000001,200.56869888305664,128640.3774861908,129262.59678527832,-0.013970109835078525,-622.2192990875246,195.57427473711232,2742.6241545105013,1.0,0.0,0,606906
2023-02-17,CEGETRNEE,2022.1200000000001,200.382080078125,128774.96641525268,128640.3774861908,0.0031220505464483643,134.5889290618898,195.57427473711232,2877.213083572391,1.0,0.0,0,606906
2023-02-21,CEGETRNEE,2022.1200000000001,193.3043212890625,124589.43425735473,128774.96641525268,-0.09784269946955855,-4185.532157897949,195.57427473711232,-1308.3190743255582,1.0,0.0,0,606906
2023-02-22,CEGETRNEE,2022.1200000000001,190.777587890625,123278.85769874573,124589.43425735473,-0.032634785322257796,-1310.5765586090088,195.57427473711232,-2618.895632934567,1.0,0.0,0,606906
2023-02-23,CEGETRNEE,2022.1200000000001,191.29669189453125,123413.77523208619,123278.85769874573,0.004653707883937732,134.91753334045399,195.57427473711232,-2483.978099594113,1.0,0.0,0,606906
2023-02-24,CEGETRNEE,2022.1200000000001,191.70653915405273,123644.07647895813,123413.77523208619,0.005731214779083801,230.30124687194825,195.57427473711232,-2253.6768527221648,1.0,0.0,0,606906
2023-02-27,CEGETRNEE,2022.1200000000001,189.73604202270508,122368.57115264895,123644.07647895813,-0.030986378361285958,-1275.505326309204,195.57427473711232,-3529.182179031369,1.0,0.0,0,606906
2023-02-28,CEGETRNEE,2022.1200000000001,184.14400482177734,118885.12829933167,122368.57115264895,-0.08621529163528475,-3483.442853317261,195.57427473711232,-7012.625032348629,1.0,0.0,0,606906
2023-03-01,AWKLNTXEL,1866.58,229.22879028320312,117109.79577789307,0.0,0.0,0.0,229.22879028320312,4.93464824558032e-12,1.0,1866.58,3,606909
2023-03-02,AWKLNTXEL,1866.58,231.76903915405273,118929.62929290772,117109.79577789307,0.046618584036242874,1819.8335150146486,229.22879028320312,1819.8335150146534,1.0,0.0,0,606909
2023-03-03,AWKLNTXEL,1866.58,233.93058395385742,120093.57231914521,118929.62929290772,0.029343807825717313,1163.9430262374879,229.22879028320312,2983.776541252141,1.0,0.0,0,606909
2023-03-06,AWKLNTXEL,1866.58,233.99148559570312,120039.44952121735,120093.57231914521,-0.0013055149001262635,-54.122797927856446,229.22879028320312,2929.6537433242847,1.0,0.0,0,606909
2023-03-07,AWKLNTXEL,1866.58,229.25791931152344,117609.02034046174,120039.44952121735,-0.060745254443659885,-2430.4291807556156,229.22879028320312,499.2245625686694,1.0,0.0,0,606909
2023-03-08,AWKLNTXEL,1866.58,231.5079002380371,118860.68051177979,117609.02034046174,0.03188867389631003,1251.6601713180542,229.22879028320312,1750.8847338867236,1.0,0.0,0,606909
2023-03-09,AWKLNTXEL,1866.58,228.9008674621582,117857.5813740158,118860.68051177979,-0.025484533085521538,-1003.0991377639772,229.22879028320312,747.7855961227467,1.0,0.0,0,606909
2023-03-10,AWKLNTXEL,1866.58,224.97013473510742,115763.51094295502,117857.5813740158,-0.0532444051701957,-2094.070431060791,229.22879028320312,-1346.2848349380445,1.0,0.0,0,606909
2023-03-13,AWKLNTXEL,1866.58,230.49407196044922,118817.61720916748,115763.51094295502,0.07895512265844419,3054.106266212463,229.22879028320312,1707.821431274419,1.0,0.0,0,606909
2023-03-14,AWKLNTXEL,1866.58,232.8093376159668,120046.02581176758,118817.61720916748,0.03098761477315493,1228.4086026000978,229.22879028320312,2936.2300338745167,1.0,0.0,0,606909
2023-03-15,AWKLNTXEL,1866.58,238.15846633911133,122853.43398654938,120046.02581176758,0.0700535573007284,2807.408174781799,229.22879028320312,5743.638208656316,1.0,0.0,0,606909
2023-03-16,AWKLNTXEL,1866.58,240.31692504882812,123683.6941520691,122853.43398654938,0.020668654517229205,830.2601655197144,229.22879028320312,6573.89837417603,1.0,0.0,0,606909
2023-03-17,AWKLNTXEL,1866.58,238.92948532104492,122973.82970001221,123683.6941520691,-0.01722499131917321,-709.8644520568848,229.22879028320312,5864.033922119145,1.0,0.0,0,606909
2023-03-20,AWKLNTXEL,1866.58,240.6097183227539,123961.2866374588,122973.82970001221,0.024010558808411596,987.4569374465942,229.22879028320312,6851.49085956574,1.0,0.0,0,606909
2023-03-21,AWKLNTXEL,1866.58,233.92092895507812,120380.77681499481,123961.2866374588,-0.08655159580553023,-3580.5098224639896,229.22879028320312,3270.9810371017506,1.0,0.0,0,606909
2023-03-22,AWKLNTXEL,1866.58,229.19558715820312,117783.84007457734,120380.77681499481,-0.06461902450083871,-2596.9367404174805,229.22879028320312,674.04429668427,1.0,0.0,0,606909
2023-03-23,AWKLNTXEL,1866.58,228.21188735961914,116883.6139548111,117783.84007457734,-0.02264467959661491,-900.2261197662353,229.22879028320312,-226.18182308196538,1.0,0.0,0,606909
2023-03-24,AWKLNTXEL,1866.58,236.56571578979492,121114.15101402282,116883.6139548111,0.10860150246838852,4230.5370592117315,229.22879028320312,4004.355236129766,1.0,0.0,0,606909
2023-03-27,AWKLNTXEL,1866.58,235.72771453857422,120511.03868659973,121114.15101402282,-0.014934377972863897,-603.1123274230956,229.22879028320312,3401.2429087066703,1.0,0.0,0,606909
2023-03-28,AWKLNTXEL,1866.58,235.98233032226562,120954.41755786896,120511.03868659973,0.011103765379349564,443.378871269226,229.22879028320312,3844.621779975896,1.0,0.0,0,606909
2023-03-29,AWKLNTXEL,1866.58,240.47043228149414,123148.90494434358,120954.41755786896,0.054463854970215796,2194.4873864746096,229.22879028320312,6039.109166450506,1.0,0.0,0,606909
2023-03-30,AWKLNTXEL,1866.58,242.50398635864258,123943.47525844575,123148.90494434358,0.01940570786500873,794.5703141021729,229.22879028320312,6833.679480552679,1.0,0.0,0,606909
2023-03-31,AWKLNTXEL,1866.58,243.9734992980957,124823.2744694519,123943.47525844575,0.021293915466852616,879.7992110061646,229.22879028320312,7713.478691558843,1.0,0.0,0,606909
2023-04-03,AESCEGD,3433.84,142.75165939331055,123793.13934925079,0.0,0.0,0.0,142.75165939331055,0.0,1.0,3433.84,3,606912
2023-04-04,AESCEGD,3433.84,142.79755020141602,124019.49565723419,123793.13934925079,0.00548535280081767,226.35630798339844,142.75165939331055,226.35630798339844,1.0,0.0,0,606912
2023-04-05,AESCEGD,3433.84,144.44629287719727,125579.90093746185,124019.49565723419,0.03760403297528761,1560.4052802276613,142.75165939331055,1786.7615882110595,1.0,0.0,0,606912
2023-04-06,AESCEGD,3433.84,145.70855903625488,126830.01534749987,125579.90093746185,0.02978336655338876,1250.1144100379945,142.75165939331055,3036.8759982490537,0.9999999999999999,0.0,0,606912
2023-04-10,AESCEGD,3433.84,146.4148712158203,127821.20190231325,126830.01534749987,0.023577195398271963,991.1865548133851,142.75165939331055,4028.0625530624393,1.0,0.0,0,606912
2023-04-11,AESCEGD,3433.84,146.99255561828613,128738.332672863,127821.20190231325,0.021306366106107515,917.1307705497743,142.75165939331055,4945.193323612213,1.0,0.0,0,606912
2023-04-12,AESCEGD,3433.84,146.20034408569336,128199.42964519502,128738.332672863,-0.012728451033237775,-538.9030276679993,142.75165939331055,4406.290295944214,1.0,0.0,0,606912
2023-04-13,AESCEGD,3433.84,147.12176322937012,129124.60541391373,128199.42964519502,0.02150258173606594,925.1757687187196,142.75165939331055,5331.466064662934,1.0,0.0,0,606912
2023-04-14,AESCEGD,3433.84,145.4761085510254,127244.92916316986,129124.60541391373,-0.0431969654779539,-1879.6762507438661,142.75165939331055,3451.7898139190675,1.0,0.0,0,606912
2023-04-17,AESCEGD,3433.84,144.3029842376709,126135.11340074541,127244.92916316986,-0.026559481267419777,-1109.815762424469,142.75165939331055,2341.974051494599,1.0,0.0,0,606912
2023-04-18,AESCEGD,3433.84,142.70685195922852,125009.23968097687,126135.11340074541,-0.026258546493378044,-1125.873719768524,142.75165939331055,1216.1003317260743,1.0,0.0,0,606912
2023-04-19,AESCEGD,3433.84,143.0990982055664,125345.22828041078,125009.23968097687,0.008121764384084604,335.9885994338989,142.75165939331055,1552.088931159973,1.0,0.0,0,606912
2023-04-20,AESCEGD,3433.84,144.04828262329102,125016.7942624283,125345.22828041078,-0.00653488609283144,-328.43401798248294,142.75165939331055,1223.6549131774902,1.0,0.0,0,606912
2023-04-21,AESCEGD,3433.84,144.66514015197754,125656.36842924118,125016.7942624283,0.015232045111003706,639.5741668128967,142.75165939331055,1863.2290799903872,1.0,0.0,0,606912
2023-04-24,AESCEGD,3433.84,145.3631763458252,126190.98926488878,125656.36842924118,0.013041302565335075,534.620835647583,142.75165939331055,2397.8499156379703,1.0,0.0,0,606912
2023-04-25,AESCEGD,3433.84,144.58276748657227,125338.78361827851,126190.98926488878,-0.020312101710508536,-852.20564661026,142.75165939331055,1545.64426902771,1.0,0.0,0,606912
2023-04-26,AESCEGD,3433.84,141.82491302490234,122475.66422851563,125338.78361827851,-0.06860691510609662,-2863.1193897628787,142.75165939331055,-1317.4751207351683,1.0,0.0,0,606912
2023-04-27,AESCEGD,3433.84,144.1829128265381,124751.83579072953,122475.66422851563,0.055765656118382814,2276.1715622138977,142.75165939331055,958.6964414787294,1.0,0.0,0,606912
2023-04-28,AESCEGD,3433.84,144.86021423339844,125392.5837110138,124751.83579072953,0.01574562397267612,640.7479202842712,142.75165939331055,1599.4443617630006,1.0,0.0,0,606912
2023-05-01,AESCEGFE,3830.93,129.3784465789795,124313.59175033569,82962.16450859071,-0.025654708361596053,-1060.8151926994324,129.3743392655098,-627.2937212562504,1.0,1266.9399999999998,3,606915
2023-05-02,AESCEGFE,3830.93,128.41201782226562,122895.08098861694,124313.59175033569,-0.03421880995106227,-1418.51076171875,129.3743392655098,-2045.8044829750006,1.0,0.0,0,606915
2023-05-03,AESCEGFE,3830.93,128.16582679748535,122666.54359397887,122895.08098861694,-0.005638085976248411,-228.5373946380616,129.3743392655098,-2274.341877613062,1.0,0.0,0,606915
2023-05-04,AESCEGFE,3830.93,130.54907608032227,124236.2628225708,122666.54359397887,0.038122817258070235,1569.7192285919189,129.3743392655098,-704.6226490211434,1.0,0.0,0,606915
2023-05-05,AESCEGFE,3830.93,132.28947639465332,125907.0240585327,124236.2628225708,0.04020662022798652,1670.7612359619138,129.3743392655098,966.1385869407707,1.0,0.0,0,606915
2023-05-08,AESCEGFE,3830.93,130.15746688842773,123114.60015068053,125907.0240585327,-0.06752458372940784,-2792.4239078521728,129.3743392655098,-1826.2853209114023,1.0,0.0,0,606915
2023-05-09,AESCEGFE,3830.93,130.7185001373291,124053.9720967102,123114.60015068053,0.02423936638247331,939.3719460296633,129.3743392655098,-886.913374881739,1.0,0.0,0,606915
2023-05-10,AESCEGFE,3830.93,132.1146068572998,125695.24227531432,124053.9720967102,0.03997267262390692,1641.270178604126,129.3743392655098,754.3568037223868,1.0,0.0,0,606915
2023-05-11,AESCEGFE,3830.93,131.37504959106445,124381.41371940612,125695.24227531432,-0.03216133571980525,-1313.8285559082033,129.3743392655098,-559.4717521858165,1.0,0.0,0,606915
2023-05-12,AESCEGFE,3830.93,132.22142791748047,124994.03983528136,124381.41371940612,0.01463497750677663,612.6261158752441,129.3743392655098,53.15436368942778,1.0,0.0,0,606915
2023-05-15,AESCEGFE,3830.93,131.95543479919434,124309.95458564757,124994.03983528136,-0.01664032869680969,-684.0852496337889,129.3743392655098,-630.9308859443611,1.0,0.0,0,606915
2023-05-16,AESCEGFE,3830.93,129.13162231445312,120864.70370437621,124309.95458564757,-0.08492664890123036,-3445.2508812713622,129.3743392655098,-4076.1817672157235,1.0,0.0,0,606915
2023-05-17,AESCEGFE,3830.93,130.7479019165039,121998.2275653076,120864.70370437621,0.027372683928262934,1133.5238609313963,129.3743392655098,-2942.657906284327,1.0,0.0,0,606915
2023-05-18,AESCEGFE,3830.93,131.3507137298584,122007.9115663147,121998.2275653076,-0.0008632754733450734,9.684001007080099,129.3743392655098,-2932.973905277247,1.0,0.0,0,606915
2023-05-19,AESCEGFE,3830.93,131.99509620666504,122168.9973021698,122007.9115663147,0.002866708299836991,161.08573585510257,129.3743392655098,-2771.888169422144,1.0,0.0,0,606915
2023-05-22,AESCEGFE,3830.93,133.61840629577637,123599.56286689758,122168.9973021698,0.03520715303614408,1430.565564727783,129.3743392655098,-1341.322604694361,1.0,0.0,0,606915
2023-05-23,AESCEGFE,3830.93,133.7801685333252,123169.4467086792,123599.56286689758,-0.012533992405002515,-430.1161582183839,129.3743392655098,-1771.438762912745,1.0,0.0,0,606915
2023-05-24,AESCEGFE,3830.93,132.47260284423828,121686.82895858763,123169.4467086792,-0.03752073169177983,-1482.6177500915528,129.3743392655098,-3254.056513004298,1.0,0.0,0,606915
2023-05-25,AESCEGFE,3830.93,131.03757286071777,120079.49496147156,121686.82895858763,-0.04058047926494131,-1607.3339971160888,129.3743392655098,-4861.390510120386,1.0,0.0,0,606915
2023-05-26,AESCEGFE,3830.93,131.77249908447266,120198.52614723206,120079.49496147156,0.00090881517459733,119.03118576049809,129.3743392655098,-4742.359324359889,1.0,0.0,0,606915
2023-05-30,AESCEGFE,3830.93,131.9073944091797,120481.77142433167,120198.52614723206,0.0076207358461316856,283.2452770996093,129.3743392655098,-4459.114047260279,1.0,0.0,0,606915
2023-05-31,AESCEGFE,3830.93,132.42631149291992,120785.75196472168,120481.77142433167,0.006323479060581592,303.9805403900145,129.3743392655098,-4155.133506870265,1.0,0.0,0,606915
2023-06-01,AESDES,4038.96,119.62982559204102,123217.61108001709,35352.570175170906,0.007092377221383233,250.7337634277344,122.45024513121874,-6732.961932315821,1.0,1973.2,3,606918
2023-06-02,AESDES,4038.96,121.65366744995117,125265.90940803528,123217.61108001709,0.049872942953548355,2048.298328018189,122.45024513121874,-4684.663604297633,1.0,0.0,0,606918
2023-06-05,AESDES,4038.96,122.54775810241699,125872.13247051238,125265.90940803528,0.014529560714937075,606.2230624771119,122.45024513121874,-4078.440541820521,1.0,0.0,0,606918
2023-06-06,AESDES,4038.96,123.11563110351562,126609.14471889497,125872.13247051238,0.017435106850386104,737.0122483825684,122.45024513121874,-3341.4282934379526,0.9999999999999999,0.0,0,606918
2023-06-07,AESDES,4038.96,126.33733367919922,129976.00606132508,126609.14471889497,0.07973963343253833,3366.8613424301147,122.45024513121874,25.43304899216173,1.0,0.0,0,606918
2023-06-08,AESDES,4038.96,126.18887710571289,129534.64432106019,129976.00606132508,-0.010484190436801044,-441.3617402648926,122.45024513121874,-415.9286912727305,1.0,0.0,0,606918
2023-06-09,AESDES,4038.96,124.67521095275879,127977.57347713472,129534.64432106019,-0.03647301102384773,-1557.070843925476,122.45024513121874,-1972.999535198207,1.0,0.0,0,606918
2023-06-12,AESDES,4038.96,124.21614646911621,127814.11282882691,127977.57347713472,-0.0031473524078056334,-163.46064830780028,122.45024513121874,-2136.4601835060066,1.0,0.0,0,606918
2023-06-13,AESDES,4038.96,124.43230819702148,128729.86570831298,127814.11282882691,0.021907319784123573,915.7528794860841,122.45024513121874,-1220.7073040199225,1.0,0.0,0,606918
2023-06-14,AESDES,4038.96,124.3705883026123,128598.89971931459,128729.86570831298,-0.003167899539338211,-130.96598899841308,122.45024513121874,-1351.6732930183357,1.0,0.0,0,606918
2023-06-15,AESDES,4038.96,126.25635719299316,131072.41826595308,128598.89971931459,0.05794012150761219,2473.518546638489,122.45024513121874,1121.845253620153,1.0,0.0,0,606918
2023-06-16,AESDES,4038.96,127.4567699432373,131784.9998714447,131072.41826595308,0.01678868988805216,712.5816054916381,122.45024513121874,1834.4268591117911,1.0,0.0,0,606918
2023-06-20,AESDES,4038.96,125.77730369567871,130109.54342205048,131784.9998714447,-0.03844201504079319,-1675.4564493942262,122.45024513121874,158.97040971756496,0.9999999999999999,0.0,0,606918
2023-06-21,AESDES,4038.96,126.36931228637695,130499.68388210298,130109.54342205048,0.009181413515846865,390.1404600524902,122.45024513121874,549.1108697700549,1.0,0.0,0,606918
2023-06-22,AESDES,4038.96,125.63941955566406,129825.86758033754,130499.68388210298,-0.01551697629311673,-673.816301765442,122.45024513121874,-124.70543199538656,0.9999999999999999,0.0,0,606918
2023-06-23,AESDES,4038.96,123.3134593963623,127236.4868195343,129825.86758033754,-0.05963679817774542,-2589.380760803223,122.45024513121874,-2714.0861927986093,1.0,0.0,0,606918
2023-06-26,AESDES,4038.96,125.3453254699707,129277.85914173127,127236.4868195343,0.04805534029991354,2041.3723221969603,122.45024513121874,-672.7138706016494,1.0,0.0,0,606918
2023-06-27,AESDES,4038.96,125.70350646972656,129749.53320365906,129277.85914173127,0.01127239331445705,471.67406192779544,122.45024513121874,-201.03980867385349,1.0,0.0,0,606918
2023-06-28,AESDES,4038.96,122.85361862182617,126543.06489543915,129749.53320365906,-0.07426246098674083,-3206.46830821991,122.45024513121874,-3407.508116893763,1.0,0.0,0,606918
2023-06-29,AESDES,4038.96,123.30473899841309,127230.5209336853,126543.06489543915,0.016351334468946047,687.4560382461549,122.45024513121874,-2720.052078647608,1.0,0.0,0,606918
2023-06-30,AESDES,4038.96,124.58465576171875,128541.73824623108,127230.5209336853,0.03131710918395869,1311.2173125457764,122.45024513121874,-1408.834766101832,1.0,0.0,0,606918
2023-07-03,EDETRXEL,2262.94,183.2911262512207,129707.66366207122,0.0,0.0,0.0,183.2911262512207,0.0,1.0,2262.94,3,606921
2023-07-05,EDETRXEL,2262.94,186.10658264160156,131567.84424468994,129707.66366207122,0.04302395934089701,1860.1805826187133,183.2911262512207,1860.1805826187133,1.0,0.0,0,606921
2023-07-06,EDETRXEL,2262.94,185.2945785522461,131056.92388877868,131567.84424468994,-0.011626371061716595,-510.9203559112549,183.2911262512207,1349.2602267074585,1.0,0.0,0,606921
2023-07-07,EDETRXEL,2262.94,183.82316970825195,129839.1265858078,131056.92388877868,-0.02789934650857099,-1217.797302970886,183.2911262512207,131.46292373657224,1.0,0.0,0,606921
2023-07-10,EDETRXEL,2262.94,182.4966278076172,128858.39644660949,129839.1265858078,-0.022690154613187387,-980.7301391983033,183.2911262512207,-849.2672154617309,1.0,0.0,0,606921
2023-07-11,EDETRXEL,2262.94,184.51799392700195,130273.42860935211,128858.39644660949,0.0329539101421536,1415.0321627426147,183.2911262512207,565.7649472808838,1.0,0.0,0,606921
2023-07-12,EDETRXEL,2262.94,185.9485321044922,131316.1476938629,130273.42860935211,0.02403727973843951,1042.7190845108032,183.2911262512207,1608.484031791687,1.0,0.0,0,606921
2023-07-13,EDETRXEL,2262.94,187.36093139648438,132313.74758003233,131316.1476938629,0.02278729343479652,997.5998861694336,183.2911262512207,2606.0839179611203,1.0,0.0,0,606921
2023-07-14,EDETRXEL,2262.94,187.07240295410156,132323.78434776305,132313.74758003233,0.00039414435547398144,10.036767730712889,183.2911262512207,2616.1206856918334,1.0,0.0,0,606921
2023-07-17,EDETRXEL,2262.94,185.00541305541992,130780.44269626617,132323.78434776305,-0.03499757423679639,-1543.3416514968872,183.2911262512207,1072.7790341949462,1.0,0.0,0,606921
2023-07-18,EDETRXEL,2262.94,184.68052291870117,130617.85122394562,130780.44269626617,-0.0037189197129493382,-162.59147232055665,183.2911262512207,910.1875618743896,1.0,0.0,0,606921
2023-07-19,EDETRXEL,2262.94,187.27488327026367,132526.7125221634,130617.85122394562,0.04377168626207722,1908.8612982177733,183.2911262512207,2819.0488600921626,0.9999999999999999,0.0,0,606921
2023-07-20,EDETRXEL,2262.94,191.6019630432129,135548.9385299301,132526.7125221634,0.0683211813184928,3022.2260077667233,183.2911262512207,5841.274867858887,1.0,0.0,0,606921
2023-07-21,EDETRXEL,2262.94,193.42932891845703,136702.94017532349,135548.9385299301,0.025602782236113293,1154.0016453933715,183.2911262512207,6995.276513252258,1.0,0.0,0,606921
2023-07-24,EDETRXEL,2262.94,193.52403259277344,136820.75023017882,136702.94017532349,0.0025260313253571845,117.81005485534669,183.2911262512207,7113.086568107605,1.0,0.0,0,606921
2023-07-25,EDETRXEL,2262.94,193.9343719482422,137009.38219444273,136820.75023017882,0.004031737763845874,188.63196426391596,183.2911262512207,7301.71853237152,1.0,0.0,0,606921
2023-07-26,EDETRXEL,2262.94,193.79913330078125,136945.01778564454,137009.38219444273,-0.001338099347194151,-64.36440879821777,183.2911262512207,7237.354123573303,1.0,0.0,0,606921
2023-07-27,EDETRXEL,2262.94,189.90903091430664,134282.61463306425,136945.01778564454,-0.05874184306850466,-2662.403152580261,183.2911262512207,4574.950970993042,1.0,0.0,0,606921
2023-07-28,EDETRXEL,2262.94,189.66539764404297,134085.50256622315,134282.61463306425,-0.004304809867738586,-197.11206684112548,183.2911262512207,4377.838904151917,1.0,0.0,0,606921
2023-07-31,EDETRXEL,2262.94,188.5601043701172,133354.1779749298,134085.50256622315,-0.01621875477752434,-731.324591293335,183.2911262512207,3646.5143128585814,1.0,0.0,0,606921
2023-08-01,AEPNEEXEL,2020.45,198.49777221679688,131903.9923889923,43064.33151786804,0.001913023497068372,82.38307807922364,198.6127363406979,-89.24205081939317,1.0,1260.18,3,606924
2023-08-02,AEPNEEXEL,2020.45,198.7057991027832,132012.4622871399,131903.9923889923,0.002468035468439629,108.46989814758297,198.6127363406979,19.227847328189796,0.9999999999999999,0.0,0,606924
2023-08-03,AEPNEEXEL,2020.45,193.38193893432617,128505.32469726563,132012.4622871399,-0.07968358170779827,-3507.1375898742676,198.6127363406979,-3487.9097425460777,1.0,0.0,0,606924
2023-08-04,AEPNEEXEL,2020.45,191.0134735107422,126895.36922622682,128505.32469726563,-0.03758070385810232,-1609.9554710388184,198.6127363406979,-5097.865213584896,1.0,0.0,0,606924
2023-08-07,AEPNEEXEL,2020.45,189.6337432861328,125943.01375087738,126895.36922622682,-0.02252591368688086,-952.3554753494263,198.6127363406979,-6050.220688934323,1.0,0.0,0,606924
2023-08-08,AEPNEEXEL,2020.45,189.53624725341797,125870.15475017548,125943.01375087738,-0.001729736815778679,-72.85900070190428,198.6127363406979,-6123.079689636227,1.0,0.0,0,606924
2023-08-09,AEPNEEXEL,2020.45,190.42607498168945,126413.27219486237,125870.15475017548,0.012895518438023907,543.1174446868896,198.6127363406979,-5579.962244949337,1.0,0.0,0,606924
2023-08-10,AEPNEEXEL,2020.45,190.00824356079102,126092.07474155427,126413.27219486237,-0.007739771306388579,-321.1974533081056,198.6127363406979,-5901.159698257443,1.0,0.0,0,606924
2023-08-11,AEPNEEXEL,2020.45,190.79682540893555,126631.54887104034,126092.07474155427,0.012956791450751102,539.474129486084,198.6127363406979,-5361.685568771359,1.0,0.0,0,606924
2023-08-14,AEPNEEXEL,2020.45,189.04578399658203,125503.75344055175,126631.54887104034,-0.026613883266476398,-1127.7954304885864,198.6127363406979,-6489.480999259945,1.0,0.0,0,606924
2023-08-15,AEPNEEXEL,2020.45,186.10503387451172,123506.93865215303,125503.75344055175,-0.04780442165599176,-1996.8147883987426,198.6127363406979,-8486.295787658688,1.0,0.0,0,606924
2023-08-16,AEPNEEXEL,2020.45,186.65995025634766,123899.57177261353,123506.93865215303,0.009589508864715497,392.63312046051027,198.6127363406979,-8093.662667198178,1.0,0.0,0,606924
2023-08-17,AEPNEEXEL,2020.45,186.00830841064453,123470.34265991212,123899.57177261353,-0.010367514635192528,-429.229112701416,198.6127363406979,-8522.891779899594,1.0,0.0,0,606924
2023-08-18,AEPNEEXEL,2020.45,186.53842544555664,123805.87785797118,123470.34265991212,0.00813026250829462,335.53519805908206,198.6127363406979,-8187.356581840511,1.0,0.0,0,606924
2023-08-21,AEPNEEXEL,2020.45,185.22329711914062,122945.24601230622,123805.87785797118,-0.020830732215309202,-860.6318456649781,198.6127363406979,-9047.98842750549,1.0,0.0,0,606924
2023-08-22,AEPNEEXEL,2020.45,185.67419052124023,123237.71869380953,122945.24601230622,0.007150430566619235,292.4726815032959,198.6127363406979,-8755.515746002195,1.0,0.0,0,606924
2023-08-23,AEPNEEXEL,2020.45,186.35950469970703,123589.30460643768,123237.71869380953,0.008362226300438355,351.5859126281738,198.6127363406979,-8403.929833374019,1.0,0.0,0,606924
2023-08-24,AEPNEEXEL,2020.45,184.73871612548828,122507.1672624588,123589.30460643768,-0.026288785009435614,-1082.137343978882,198.6127363406979,-9486.067177352903,1.0,0.0,0,606924
2023-08-25,AEPNEEXEL,2020.45,186.3877944946289,123621.15103443147,122507.1672624588,0.02734923541911384,1113.9837719726563,198.6127363406979,-8372.083405380245,1.0,0.0,0,606924
2023-08-28,AEPNEEXEL,2020.45,186.5693588256836,123778.2645205307,123621.15103443147,0.00393331462992137,157.11348609924318,198.6127363406979,-8214.969919281002,1.0,0.0,0,606924
2023-08-29,AEPNEEXEL,2020.45,187.009521484375,124049.73428382873,123778.2645205307,0.006536382026870817,271.46976329803465,198.6127363406979,-7943.500155982968,1.0,0.0,0,606924
2023-08-30,AEPNEEXEL,2020.45,186.20397186279297,123502.72377109528,124049.73428382873,-0.013266795236882518,-547.0105127334596,198.6127363406979,-8490.510668716428,1.0,0.0,0,606924
2023-08-31,AEPNEEXEL,2020.45,184.49767684936523,122390.21306064606,123502.72377109528,-0.026949270648078588,-1112.5107104492188,198.6127363406979,-9603.021379165646,1.0,0.0,0,606924
2023-09-01,DTEEVRGPCG,3781.99,156.20830535888672,121257.88926048279,0.0,0.0,0.0,156.20830535888672,0.0,1.0,3781.99,3,606927
2023-09-05,DTEEVRGPCG,3781.99,153.945068359375,119545.04132781982,121257.88926048279,-0.04237698329370491,-1712.8479326629638,156.20830535888672,-1712.8479326629638,1.0,0.0,0,606927
2023-09-06,DTEEVRGPCG,3781.99,154.77565574645996,120504.37545637132,119545.04132781982,0.024074528262127942,959.3341285514832,156.20830535888672,-753.5138041114808,1.0,0.0,0,606927
2023-09-07,DTEEVRGPCG,3781.99,156.65709686279297,122308.64660728455,120504.37545637132,0.04485036427467472,1804.2711509132384,156.20830535888672,1050.7573468017576,1.0,0.0,0,606927
2023-09-08,DTEEVRGPCG,3781.99,157.43624305725098,122931.94987894058,122308.64660728455,0.015297563577796144,623.3032716560364,156.20830535888672,1674.0606184577941,1.0,0.0,0,606927
2023-09-11,DTEEVRGPCG,3781.99,156.60470581054688,121999.4882181549,122931.94987894058,-0.0228340712401308,-932.461660785675,156.20830535888672,741.5989576721191,1.0,0.0,0,606927
2023-09-12,DTEEVRGPCG,3781.99,157.72385787963867,122679.96334171295,121999.4882181549,0.01679481081224367,680.4751235580445,156.20830535888672,1422.0740812301635,1.0,0.0,0,606927
2023-09-13,DTEEVRGPCG,3781.99,160.40723037719727,124377.15473545075,122679.96334171295,0.04156424913527436,1697.191393737793,156.20830535888672,3119.265474967957,1.0,0.0,0,606927
2023-09-14,DTEEVRGPCG,3781.99,161.80989265441895,125536.8373105812,124377.15473545075,0.028110923397530112,1159.6825751304627,156.20830535888672,4278.948050098419,1.0,0.0,0,606927
2023-09-15,DTEEVRGPCG,3781.99,162.54465675354004,125952.49918893815,125536.8373105812,0.009686457789759063,415.6618783569336,156.20830535888672,4694.609928455353,1.0,0.0,0,606927
2023-09-18,DTEEVRGPCG,3781.99,162.73516082763672,126015.75881790162,125952.49918893815,0.0014827608049494925,63.25962896347046,156.20830535888672,4757.869557418823,1.0,0.0,0,606927
2023-09-19,DTEEVRGPCG,3781.99,162.34118843078613,126091.1944931984,126015.75881790162,0.0018568141256220779,75.43567529678344,156.20830535888672,4833.3052327156065,1.0,0.0,0,606927
2023-09-20,DTEEVRGPCG,3781.99,162.72943305969238,126291.95217363359,126091.1944931984,0.004828277231513088,200.75768043518067,156.20830535888672,5034.062913150788,1.0,0.0,0,606927
2023-09-21,DTEEVRGPCG,3781.99,161.59778022766113,125294.07101633072,126291.95217363359,-0.02374138032663034,-997.8811573028565,156.20830535888672,4036.1817558479306,1.0,0.0,0,606927
2023-09-22,DTEEVRGPCG,3781.99,161.38570022583008,124907.87352130891,125294.07101633072,-0.0093112507702002,-386.19749502182003,156.20830535888672,3649.984260826111,1.0,0.0,0,606927
2023-09-25,DTEEVRGPCG,3781.99,160.54041862487793,124299.6976605797,124907.87352130891,-0.014648201955434106,-608.1758607292176,156.20830535888672,3041.8084000968934,1.0,0.0,0,606927
2023-09-26,DTEEVRGPCG,3781.99,155.2311840057373,120328.97631162644,124299.6976605797,-0.09594375300712303,-3970.721348953247,156.20830535888672,-928.9129488563541,1.0,0.0,0,606927
2023-09-27,DTEEVRGPCG,3781.99,153.2508945465088,118995.3849380684,120328.97631162644,-0.03307775653097313,-1333.5913735580443,156.20830535888672,-2262.5043224143983,1.0,0.0,0,606927
2023-09-28,DTEEVRGPCG,3781.99,150.7924098968506,117365.06774885178,118995.3849380684,-0.041070573908332075,-1630.3171892166138,156.20830535888672,-3892.821511631012,0.9999999999999999,0.0,0,606927
2023-09-29,DTEEVRGPCG,3781.99,151.48666858673096,117467.31128212929,117365.06774885178,0.0029299459464136625,102.24353327751169,156.20830535888672,-3790.577978353501,1.0,0.0,0,606927
2023-10-02,AWKEIXNEE,1798.89,213.6534538269043,111545.77936832429,0.0,0.0,0.0,213.6534538269043,0.0,1.0,1798.89,3,606930
2023-10-03,AWKEIXNEE,1798.89,211.83065795898438,111256.81597732546,111545.77936832429,-0.007771614914574865,-288.9633909988402,213.6534538269043,-288.9633909988402,1.0,0.0,0,606930
2023-10-04,AWKEIXNEE,1798.89,212.02431106567383,110446.45149929047,111256.81597732546,-0.02083884063674668,-810.3644780349733,213.6534538269043,-1099.3278690338136,1.0,0.0,0,606930
2023-10-05,AWKEIXNEE,1798.89,209.88743591308594,109090.81860305787,110446.45149929047,-0.037127437630911336,-1355.6328962326052,213.6534538269043,-2454.960765266419,1.0,0.0,0,606930
2023-10-06,AWKEIXNEE,1798.89,211.92689895629883,110525.85573482513,109090.81860305787,0.03956021904043628,1435.037131767273,213.6534538269043,-1019.9236334991456,1.0,0.0,0,606930
2023-10-09,AWKEIXNEE,1798.89,213.30696487426758,110761.67623928071,110525.85573482513,0.005668477706468531,235.82050445556627,213.6534538269043,-784.1031290435794,1.0,0.0,0,606930
2023-10-10,AWKEIXNEE,1798.89,217.04174041748047,113152.90705680847,110761.67623928071,0.06643242208106127,2391.2308175277713,213.6534538269043,1607.1276884841918,1.0,0.0,0,606930
2023-10-11,AWKEIXNEE,1798.89,220.6446647644043,115673.29916996002,113152.90705680847,0.06719014805784407,2520.3921131515503,213.6534538269043,4127.519801635743,1.0,0.0,0,606930
2023-10-12,AWKEIXNEE,1798.89,216.46858978271484,114056.09641822815,115673.29916996002,-0.042529703029813945,-1617.2027517318727,213.6534538269043,2510.3170499038697,1.0,0.0,0,606930
2023-10-13,AWKEIXNEE,1798.89,218.27759552001953,115515.70559944154,114056.09641822815,0.03799095936415391,1459.609181213379,213.6534538269043,3969.926231117249,1.0,0.0,0,606930
2023-10-16,AWKEIXNEE,1798.89,220.39156341552734,116319.83950370789,115515.70559944154,0.021418849707510856,804.1339042663574,213.6534538269043,4774.060135383606,1.0,0.0,0,606930
2023-10-17,AWKEIXNEE,1798.89,220.68775177001953,116403.49362358094,116319.83950370789,0.002131455417661001,83.65411987304685,213.6534538269043,4857.714255256653,1.0,0.0,0,606930
2023-10-18,AWKEIXNEE,1798.89,217.13224411010742,114600.68962223054,116403.49362358094,-0.046725462112885294,-1802.804001350403,213.6534538269043,3054.9102539062505,1.0,0.0,0,606930
2023-10-19,AWKEIXNEE,1798.89,213.90098190307617,112672.28565876008,114600.68962223054,-0.0498357492960928,-1928.403963470459,213.6534538269043,1126.5062904357912,1.0,0.0,0,606930
2023-10-20,AWKEIXNEE,1798.89,211.23614883422852,111201.10100048066,112672.28565876008,-0.038789712439815424,-1471.1846582794192,213.6534538269043,-344.67836784362777,1.0,0.0,0,606930
2023-10-23,AWKEIXNEE,1798.89,209.78889083862305,110264.30138553621,111201.10100048066,-0.024931795740995452,-936.7996149444581,213.6534538269043,-1281.4779827880857,1.0,0.0,0,606930
2023-10-24,AWKEIXNEE,1798.89,217.18949508666992,114888.14172336578,110264.30138553621,0.1254282836904121,4623.84033782959,213.6534538269043,3342.3623550415045,1.0,0.0,0,606930
2023-10-25,AWKEIXNEE,1798.89,216.58293914794922,114986.26318687439,114888.14172336578,0.001663013549736931,98.12146350860598,213.6534538269043,3440.4838185501108,1.0,0.0,0,606930
2023-10-26,AWKEIXNEE,1798.89,219.37554168701172,116487.19473121644,114986.26318687439,0.03886835083578778,1500.9315443420412,213.6534538269043,4941.415362892151,1.0,0.0,0,606930
2023-10-27,AWKEIXNEE,1798.89,215.09074783325195,113966.83765926362,116487.19473121644,-0.06439009535260702,-2520.35707195282,213.6534538269043,2421.0582909393315,1.0,0.0,0,606930
2023-10-30,AWKEIXNEE,1798.89,216.94364166259766,115213.60416938782,113966.83765926362,0.03208900223255706,1246.7665101242067,213.6534538269043,3667.8248010635384,1.0,0.0,0,606930
2023-10-31,AWKEIXNEE,1798.89,219.15810012817383,116509.03667201997,115213.60416938782,0.033026435786753544,1295.4325026321412,213.6534538269043,4963.257303695679,1.0,0.0,0,606930
2023-11-01,AWKDES,2296.86,193.1955909729004,117382.69592868804,36529.90524879455,0.009774818720264764,357.073201675415,194.03203371535562,-294.971533126833,1.0,1965.03,3,606933
2023-11-02,AWKDES,2296.86,200.3221206665039,120972.32949989318,117382.69592868804,0.09169276788910047,3589.633571205139,194.03203371535562,3294.662038078306,1.0,0.0,0,606933
2023-11-03,AWKDES,2296.86,208.74702072143555,126109.43501998902,120972.32949989318,0.1273557153699244,5137.105520095825,194.03203371535562,8431.767558174131,1.0,0.0,0,606933
2023-11-06,AWKDES,2296.86,209.17692947387695,128054.12464988708,126109.43501998902,0.04687123805471337,1944.6896298980714,194.03203371535562,10376.457188072203,1.0,0.0,0,606933
2023-11-07,AWKDES,2296.86,208.30946731567383,127652.18468925476,128054.12464988708,-0.009576015534691062,-401.9399606323242,194.03203371535562,9974.517227439877,1.0,0.0,0,606933
2023-11-08,AWKDES,2296.86,207.37015914916992,127278.52727153778,127652.18468925476,-0.00948991737956998,-373.65741771698,194.03203371535562,9600.859809722899,1.0,0.0,0,606933
2023-11-09,AWKDES,2296.86,203.4048957824707,124553.87642864228,127278.52727153778,-0.06415274700087098,-2724.6508428955076,194.03203371535562,6876.208966827391,1.0,0.0,0,606933
2023-11-10,AWKDES,2296.86,202.37578201293945,124063.2912468338,124553.87642864228,-0.012302501576355577,-490.5851818084717,194.03203371535562,6385.623785018919,1.0,0.0,0,606933
2023-11-13,AWKDES,2296.86,200.37748336791992,122745.86132411957,124063.2912468338,-0.032036504152456804,-1317.4299227142333,194.03203371535562,5068.193862304685,1.0,0.0,0,606933
2023-11-14,AWKDES,2296.86,212.39667129516602,129645.46188125611,122745.86132411957,0.16963469241410778,6899.600557136536,194.03203371535562,11967.794419441221,1.0,0.0,0,606933
2023-11-15,AWKDES,2296.86,214.6122055053711,131351.34458118438,129645.46188125611,0.03952944898739327,1705.8826999282837,194.03203371535562,13673.677119369506,1.0,0.0,0,606933
2023-11-16,AWKDES,2296.86,215.00726699829102,131350.02803432464,131351.34458118438,0.0005349290711581852,-1.3165468597412087,194.03203371535562,13672.360572509764,1.0,0.0,0,606933
2023-11-17,AWKDES,2296.86,216.8626251220703,132369.90546833037,131350.02803432464,0.024046383486266292,1019.8774340057373,194.03203371535562,14692.238006515501,1.0,0.0,0,606933
2023-11-20,AWKDES,2296.86,215.02491760253906,131400.50991886138,132369.90546833037,-0.02189949193188911,-969.3955494689941,194.03203371535562,13722.842457046507,1.0,0.0,0,606933
2023-11-21,AWKDES,2296.86,215.64227676391602,131846.21224536895,131400.50991886138,0.010359365855130332,445.7023265075684,194.03203371535562,14168.544783554076,1.0,0.0,0,606933
2023-11-22,AWKDES,2296.86,216.13053131103516,132473.05601509096,131846.21224536895,0.014273815056180488,626.8437697219849,194.03203371535562,14795.388553276061,0.9999999999999999,0.0,0,606933
2023-11-24,AWKDES,2296.86,217.66094207763672,133103.23295482635,132473.05601509096,0.014296274622494682,630.1769397354126,194.03203371535562,15425.565493011472,1.0,0.0,0,606933
2023-11-27,AWKDES,2296.86,216.19047927856445,132457.88924365997,133103.23295482635,-0.014696836902906008,-645.3437111663818,194.03203371535562,14780.221781845092,1.0,0.0,0,606933
2023-11-28,AWKDES,2296.86,216.96860885620117,133170.8168960953,132457.88924365997,0.016304970060362488,712.9276524353028,194.03203371535562,15493.149434280393,0.9999999999999999,0.0,0,606933
2023-11-29,AWKDES,2296.86,217.06505966186523,132932.25254917145,133170.8168960953,-0.005129925870068587,-238.56434692382814,194.03203371535562,15254.585087356565,1.0,0.0,0,606933
2023-11-30,AWKDES,2296.86,216.74193572998047,132205.22572277067,132932.25254917145,-0.015973819121527857,-727.0268264007568,194.03203371535562,14527.558260955808,1.0,0.0,0,606933
2023-12-01,EXCNEENI,3913.9,115.45577430725098,134666.01760709763,0.0,0.0,0.0,115.45577430725098,0.0,1.0,3913.9,3,606936
2023-12-04,EXCNEENI,3913.9,114.97129249572754,134398.54571397783,134666.01760709763,-0.005958602071686803,-267.4718931198121,115.45577430725098,-267.4718931198121,0.9999999999999999,0.0,0,606936
2023-12-05,EXCNEENI,3913.9,114.07038497924805,133285.9626871109,134398.54571397783,-0.024784416068002524,-1112.5830268669129,115.45577430725098,-1380.054919986725,1.0,0.0,0,606936
2023-12-06,EXCNEENI,3913.9,117.00002670288086,136290.74259357454,133285.9626871109,0.0677967206960148,3004.7799064636233,115.45577430725098,1624.7249864768983,1.0,0.0,0,606936
2023-12-07,EXCNEENI,3913.9,116.62667846679688,135978.8885390091,136290.74259357454,-0.006833028638832385,-311.85405456542975,115.45577430725098,1312.8709319114687,1.0,0.0,0,606936
2023-12-08,EXCNEENI,3913.9,116.24649047851562,135492.69885631563,135978.8885390091,-0.010729360449811973,-486.1896826934815,115.45577430725098,826.6812492179871,1.0,0.0,0,606936
2023-12-11,EXCNEENI,3913.9,116.57760810852051,135925.71092596056,135492.69885631563,0.00959442260003398,433.012069644928,115.45577430725098,1259.693318862915,0.9999999999999999,0.0,0,606936
2023-12-12,EXCNEENI,3913.9,116.17811012268066,135415.3339871788,135925.71092596056,-0.011280819249333579,-510.37693878173826,115.45577430725098,749.3163800811768,1.0,0.0,0,606936
2023-12-13,EXCNEENI,3913.9,121.19659614562988,140935.99258821487,135415.3339871788,0.12225676522741374,5520.658601036072,115.45577430725098,6269.974981117249,1.0,0.0,0,606936
2023-12-14,EXCNEENI,3913.9,118.2779483795166,136972.17093667985,140935.99258821487,-0.08423898141802595,-3963.821651535034,115.45577430725098,2306.1533295822146,1.0,0.0,0,606936
2023-12-15,EXCNEENI,3913.9,114.68125915527344,132883.8394206238,136972.17093667985,-0.09147348412816113,-4088.331516056061,115.45577430725098,-1782.178186473846,1.0,0.0,0,606936
2023-12-18,EXCNEENI,3913.9,113.17475128173828,131152.98154069902,132883.8394206238,-0.04083294228531901,-1730.8578799247744,115.45577430725098,-3513.0360663986203,1.0,0.0,0,606936
2023-12-19,EXCNEENI,3913.9,114.72887802124023,132947.64759464265,131152.98154069902,0.04289491823281359,1794.666053943634,115.45577430725098,-1718.370012454986,1.0,0.0,0,606936
2023-12-20,EXCNEENI,3913.9,112.13258934020996,130156.30058080674,132947.64759464265,-0.062375029179284114,-2791.347013835907,115.45577430725098,-4509.717026290893,1.0,0.0,0,606936
2023-12-21,EXCNEENI,3913.9,112.10971260070801,130205.03233194351,130156.30058080674,0.0019247091571161358,48.73175113677972,115.45577430725098,-4460.985275154114,1.0,0.0,0,606936
2023-12-22,EXCNEENI,3913.9,112.6191177368164,130897.37461147309,130205.03233194351,0.015999196158113647,692.3422795295716,115.45577430725098,-3768.642995624542,1.0,0.0,0,606936
2023-12-26,EXCNEENI,3913.9,113.4643325805664,131865.5818808365,130897.37461147309,0.022213077074593666,968.2072693634034,115.45577430725098,-2800.435726261139,1.0,0.0,0,606936
2023-12-27,EXCNEENI,3913.9,113.56149482727051,131751.14002275467,131865.5818808365,-0.0029073143738296055,-114.44185808181757,115.45577430725098,-2914.877584342956,1.0,0.0,0,606936
2023-12-28,EXCNEENI,3913.9,114.62749290466309,133054.09756628037,131751.14002275467,0.029962878833689338,1302.9575435256959,115.45577430725098,-1611.92004081726,1.0,0.0,0,606936
2023-12-29,EXCNEENI,3913.9,114.41135597229004,132899.24599393847,133054.09756628037,-0.003193905887625876,-154.851572341919,115.45577430725098,-1766.7716131591792,0.9999999999999998,0.0,0,606936
2024-01-02,AEEEXCPNW,2679.8199999999997,168.02424240112305,134829.74380187987,41331.276773986814,0.015877443481236733,656.2350109863281,170.1824941795324,-2901.251535644535,1.0,1426.3,3,607203
2024-01-03,AEEEXCPNW,2679.8199999999997,168.1822280883789,134768.2448364258,134829.74380187987,-0.0013474236232272774,-61.49896545410161,170.1824941795324,-2962.750501098637,1.0,0.0,0,607203
2024-01-04,AEEEXCPNW,2679.8199999999997,168.52798461914062,134900.33761749268,134768.2448364258,0.0028886200166934614,132.09278106689453,170.1824941795324,-2830.6577200317424,1.0,0.0,0,607203
2024-01-05,AEEEXCPNW,2679.8199999999997,168.93301010131836,135349.44727355958,134900.33761749268,0.010079508208458758,449.1096560668945,170.1824941795324,-2381.5480639648476,0.9999999999999999,0.0,0,607203
2024-01-08,AEEEXCPNW,2679.8199999999997,169.99130630493164,136286.90013679504,135349.44727355958,0.020856320615492436,937.4528632354736,170.1824941795324,-1444.0952007293743,1.0,0.0,0,607203
2024-01-09,AEEEXCPNW,2679.8199999999997,168.64608764648438,135234.15541007995,136286.90013679504,-0.023172829483462158,-1052.7447267150878,170.1824941795324,-2496.8399274444623,1.0,0.0,0,607203
2024-01-10,AEEEXCPNW,2679.8199999999997,168.2649917602539,135102.39686111448,135234.15541007995,-0.002895174057867167,-131.75854896545408,170.1824941795324,-2628.598476409916,1.0,0.0,0,607203
2024-01-11,AEEEXCPNW,2679.8199999999997,164.15330505371094,132079.4771080017,135102.39686111448,-0.06715087904909983,-3022.919753112793,170.1824941795324,-5651.518229522709,1.0,0.0,0,607203
2024-01-12,AEEEXCPNW,2679.8199999999997,163.93585205078125,131853.46516990662,132079.4771080017,-0.0050625634872446534,-226.01193809509277,170.1824941795324,-5877.530167617801,1.0,0.0,0,607203
2024-01-16,AEEEXCPNW,2679.8199999999997,161.71337509155273,130131.52595024108,131853.46516990662,-0.03922548525601176,-1721.9392196655274,170.1824941795324,-7599.469387283329,1.0,0.0,0,607203
2024-01-17,AEEEXCPNW,2679.8199999999997,160.8059539794922,129467.95098388672,130131.52595024108,-0.015293241751808701,-663.5749663543701,170.1824941795324,-8263.044353637699,1.0,0.0,0,607203
2024-01-18,AEEEXCPNW,2679.8199999999997,159.35019302368164,128317.24840179444,129467.95098388672,-0.026687839382696255,-1150.7025820922852,170.1824941795324,-9413.746935729983,1.0,0.0,0,607203
2024-01-19,AEEEXCPNW,2679.8199999999997,159.11214447021484,128004.5330437851,128317.24840179444,-0.007199359644040932,-312.7153580093384,170.1824941795324,-9726.462293739321,1.0,0.0,0,607203
2024-01-22,AEEEXCPNW,2679.8199999999997,158.3412208557129,127380.3208795929,128004.5330437851,-0.014646882057682636,-624.2121641921997,170.1824941795324,-10350.674457931522,1.0,0.0,0,607203
2024-01-23,AEEEXCPNW,2679.8199999999997,158.6049575805664,127488.72933124541,127380.3208795929,0.0026278100555041798,108.40845165252686,170.1824941795324,-10242.266006278995,1.0,0.0,0,607203
2024-01-24,AEEEXCPNW,2679.8199999999997,156.0894260406494,125384.01140285491,127488.72933124541,-0.04937996224837357,-2104.717928390503,170.1824941795324,-12346.983934669497,1.0,0.0,0,607203
2024-01-25,AEEEXCPNW,2679.8199999999997,159.67853927612305,128295.1931236267,125384.01140285491,0.06961673359216244,2911.1817207717895,170.1824941795324,-9435.802213897708,1.0,0.0,0,607203
2024-01-26,AEEEXCPNW,2679.8199999999997,160.86586380004883,129174.2407156372,128295.1931236267,0.0204293336215383,879.0475920104981,170.1824941795324,-8556.75462188721,1.0,0.0,0,607203
2024-01-29,AEEEXCPNW,2679.8199999999997,160.38198471069336,129009.04834514618,129174.2407156372,-0.0035267684514249144,-165.19237049102776,170.1824941795324,-8721.946992378238,1.0,0.0,0,607203
2024-01-30,AEEEXCPNW,2679.8199999999997,160.52806091308594,128956.48537391663,129009.04834514618,-0.0010848842829148143,-52.562971229553256,170.1824941795324,-8774.509963607792,1.0,0.0,0,607203
2024-01-31,AEEEXCPNW,2679.8199999999997,159.29742050170898,127983.56122737884,128956.48537391663,-0.022619356357443363,-972.9241465377808,170.1824941795324,-9747.434110145572,1.0,0.0,0,607203
2024-02-01,AEEAWKPEG,1818.1899999999998,237.83592224121094,129524.83292388916,42213.382672119136,0.016242728497093295,685.6605136871337,240.86718673910485,-2002.3623893737831,1.0,1163.1399999999999,3,607206
2024-02-02,AEEAWKPEG,1818.1899999999998,234.10567474365234,127481.58000556944,129524.83292388916,-0.04731760986031426,-2043.252918319702,240.86718673910485,-4045.615307693485,1.0,0.0,0,607206
2024-02-05,AEEAWKPEG,1818.1899999999998,231.04015731811523,125966.76352428435,127481.58000556944,-0.03566211418732221,-1514.816481285095,240.86718673910485,-5560.43178897858,1.0,0.0,0,607206
2024-02-06,AEEAWKPEG,1818.1899999999998,233.08094024658203,127131.95546211241,125966.76352428435,0.027663008030172742,1165.191937828064,240.86718673910485,-4395.239851150516,1.0,0.0,0,607206
2024-02-07,AEEAWKPEG,1818.1899999999998,233.52642822265625,127391.37037826538,127131.95546211241,0.006175171441475677,259.41491615295405,240.86718673910485,-4135.824934997562,1.0,0.0,0,607206
2024-02-08,AEEAWKPEG,1818.1899999999998,231.95197677612305,126286.79538204192,127391.37037826538,-0.025920345681758612,-1104.5749962234495,240.86718673910485,-5240.399931221012,1.0,0.0,0,607206
2024-02-09,AEEAWKPEG,1818.1899999999998,233.227783203125,127052.98778739928,126286.79538204192,0.018301239826403914,766.1924053573607,240.86718673910485,-4474.2075258636505,1.0,0.0,0,607206
2024-02-12,AEEAWKPEG,1818.1899999999998,235.86610794067383,128504.30849193572,127052.98778739928,0.034202169864838254,1451.320704536438,240.86718673910485,-3022.886821327213,1.0,0.0,0,607206
2024-02-13,AEEAWKPEG,1818.1899999999998,230.65874862670898,126046.57734157561,128504.30849193572,-0.05737793746442346,-2457.731150360107,240.86718673910485,-5480.61797168732,1.0,0.0,0,607206
2024-02-14,AEEAWKPEG,1818.1899999999998,231.83937454223633,126657.8668188095,126046.57734157561,0.014582190337616967,611.2894772338867,240.86718673910485,-4869.328494453434,1.0,0.0,0,607206
2024-02-15,AEEAWKPEG,1818.1899999999998,237.0449333190918,129142.76627216338,126657.8668188095,0.05905201182086114,2484.8994533538817,240.86718673910485,-2384.429041099552,1.0,0.0,0,607206
2024-02-16,AEEAWKPEG,1818.1899999999998,235.82944869995117,128764.43273944853,129142.76627216338,-0.008831888626097371,-378.3335327148437,240.86718673910485,-2762.7625738143956,1.0,0.0,0,607206
2024-02-20,AEEAWKPEG,1818.1899999999998,234.8869285583496,128643.49365375517,128764.43273944853,-0.0029848699948363594,-120.93908569335946,240.86718673910485,-2883.701659507755,1.0,0.0,0,607206
2024-02-21,AEEAWKPEG,1818.1899999999998,237.79436111450195,130529.72579204559,128643.49365375517,0.04373747343025931,1886.2321382904051,240.86718673910485,-997.4695212173501,1.0,0.0,0,607206
2024-02-22,AEEAWKPEG,1818.1899999999998,234.59669494628906,128895.97468582152,130529.72579204559,-0.037697808010880955,-1633.75110622406,240.86718673910485,-2631.22062744141,1.0,0.0,0,607206
2024-02-23,AEEAWKPEG,1818.1899999999998,234.99767684936523,129407.62061847685,128895.97468582152,0.01143516191053786,511.6459326553345,240.86718673910485,-2119.5746947860753,1.0,0.0,0,607206
2024-02-26,AEEAWKPEG,1818.1899999999998,231.81167602539062,127595.4239729309,129407.62061847685,-0.04188722103459458,-1812.1966455459592,240.86718673910485,-3931.7713403320354,1.0,0.0,0,607206
2024-02-27,AEEAWKPEG,1818.1899999999998,234.6240463256836,129520.6028980255,127595.4239729309,0.04455582379965699,1925.1789250946044,240.86718673910485,-2006.5924152374305,1.0,0.0,0,607206
2024-02-28,AEEAWKPEG,1818.1899999999998,235.63703536987305,130350.27078662871,129520.6028980255,0.018417952755641728,829.6678886032104,240.86718673910485,-1176.92452663422,1.0,0.0,0,607206
2024-02-29,AEEAWKPEG,1818.1899999999998,235.74320220947266,130216.87835212707,130350.27078662871,-0.0025257150735693516,-133.39243450164795,240.86718673910485,-1310.316961135868,1.0,0.0,0,607206
2024-03-01,AESAWKXEL,4482.6900000000005,172.6384744644165,130393.66024298668,41062.126790237424,0.00961706681230068,394.897216796875,176.99663859674015,-1675.2782924652113,1.0,4116.74,3,607209
2024-03-04,AESAWKXEL,4482.6900000000005,176.45508289337158,134118.05063689232,130393.66024298668,0.08572135039497497,3724.39039390564,176.99663859674015,2049.1121014404284,1.0,0.0,0,607209
2024-03-05,AESAWKXEL,4482.6900000000005,172.00254154205322,131343.6209812832,134118.05063689232,-0.0622703748724921,-2774.429655609131,176.99663859674015,-725.3175541687021,0.9999999999999999,0.0,0,607209
2024-03-06,AESAWKXEL,4482.6900000000005,172.86597442626953,131738.20557941438,131343.6209812832,0.008822183885641464,394.5845981311798,176.99663859674015,-330.7329560375225,0.9999999999999999,0.0,0,607209
2024-03-07,AESAWKXEL,4482.6900000000005,172.67331790924072,132352.81669661522,131738.20557941438,0.01520110309811025,614.6111172008515,176.99663859674015,283.8781611633288,1.0,0.0,0,607209
2024-03-08,AESAWKXEL,4482.6900000000005,173.49316501617432,133402.07616965292,132352.81669661522,0.023720651035561126,1049.2594730377198,176.99663859674015,1333.1376342010487,1.0,0.0,0,607209
2024-03-11,AESAWKXEL,4482.6900000000005,177.1436710357666,136138.3840048027,133402.07616965292,0.061617026956239426,2736.307835149765,176.99663859674015,4069.445469350814,1.0,0.0,0,607209
2024-03-12,AESAWKXEL,4482.6900000000005,174.7254695892334,133572.05389635087,136138.3840048027,-0.05610205083866304,-2566.3301084518434,176.99663859674015,1503.1153608989703,1.0,0.0,0,607209
2024-03-13,AESAWKXEL,4482.6900000000005,175.47571182250977,133183.1971920395,133572.05389635087,-0.008215389092918156,-388.85670431137095,176.99663859674015,1114.2586565875995,1.0,0.0,0,607209
2024-03-14,AESAWKXEL,4482.6900000000005,173.7449655532837,131234.32883913995,133183.1971920395,-0.04459069921797616,-1948.8683528995516,176.99663859674015,-834.6096963119526,0.9999999999999999,0.0,0,607209
2024-03-15,AESAWKXEL,4482.6900000000005,172.56085872650146,130788.01325173378,131234.32883913995,-0.010520253650270876,-446.31558740615844,176.99663859674015,-1280.9252837181107,1.0,0.0,0,607209
2024-03-18,AESAWKXEL,4482.6900000000005,172.5764446258545,130500.11880674362,130788.01325173378,-0.006931149769976507,-287.8944449901581,176.99663859674015,-1568.819728708269,1.0,0.0,0,607209
2024-03-19,AESAWKXEL,4482.6900000000005,174.2565689086914,132978.18020317078,130500.11880674362,0.05841738519063169,2478.0613964271547,176.99663859674015,909.2416677188862,1.0,0.0,0,607209
2024-03-20,AESAWKXEL,4482.6900000000005,174.4810676574707,133143.74274795532,132978.18020317078,0.0036237066110990906,165.5625447845459,176.99663859674015,1074.8042125034317,1.0,0.0,0,607209
2024-03-21,AESAWKXEL,4482.6900000000005,174.53098487854004,133557.0141976738,133143.74274795532,0.009848015569801798,413.2714497184754,176.99663859674015,1488.0756622219074,1.0,0.0,0,607209
2024-03-22,AESAWKXEL,4482.6900000000005,174.4961223602295,134710.40424322127,133557.0141976738,0.025991967156412926,1153.3900455474854,176.99663859674015,2641.465707769393,1.0,0.0,0,607209
2024-03-25,AESAWKXEL,4482.6900000000005,174.3011655807495,135263.83798916818,134710.40424322127,0.01176809805195897,553.4337459468842,176.99663859674015,3194.899453716277,0.9999999999999999,0.0,0,607209
2024-03-26,AESAWKXEL,4482.6900000000005,174.50184535980225,135449.77006379128,135263.83798916818,0.004568560338948426,185.93207462310806,176.99663859674015,3380.831528339385,1.0,0.0,0,607209
2024-03-27,AESAWKXEL,4482.6900000000005,179.97807121276855,139892.70369749068,135449.77006379128,0.09821968795821176,4442.933633699417,176.99663859674015,7823.765162038802,1.0,0.0,0,607209
2024-03-28,AESAWKXEL,4482.6900000000005,181.60068321228027,142387.3548076439,139892.70369749068,0.05219518049225816,2494.6511101531987,176.99663859674015,10318.416272192,1.0,0.0,0,607209
2024-04-01,AWKPCGXEL,4260.99,179.648099899292,141606.73342603684,92059.15961097716,-0.024372934856136737,-1111.1229148101806,179.21362721544912,2302.2622243499745,1.0,2923.1700000000005,3,607212
2024-04-02,AWKPCGXEL,4260.99,179.81850242614746,142395.47486852645,141606.73342603684,0.016714056477677194,788.741442489624,179.21362721544912,3091.003666839599,1.0,0.0,0,607212
2024-04-03,AWKPCGXEL,4260.99,179.25111770629883,142213.82916103365,142395.47486852645,-0.0038862538744590135,-181.64570749282836,179.21362721544912,2909.3579593467703,0.9999999999999999,0.0,0,607212
2024-04-04,AWKPCGXEL,4260.99,180.18871116638184,142101.16090055465,142213.82916103365,-0.002102348713767751,-112.66826047897337,179.21362721544912,2796.6896988677972,1.0,0.0,0,607212
2024-04-05,AWKPCGXEL,4260.99,178.4413547515869,141840.65412431717,142101.16090055465,-0.005430436075387283,-260.50677623748777,179.21362721544912,2536.182922630309,1.0,0.0,0,607212
2024-04-08,AWKPCGXEL,4260.99,180.37200736999512,142917.50458997727,141840.65412431717,0.022930884742795074,1076.8504656600953,179.21362721544912,3613.0333882904047,1.0,0.0,0,607212
2024-04-09,AWKPCGXEL,4260.99,182.55066680908203,144405.41983314516,142917.50458997727,0.031317581443492754,1487.9152431678772,179.21362721544912,5100.948631458282,1.0,0.0,0,607212
2024-04-10,AWKPCGXEL,4260.99,178.35832405090332,141697.25520761491,144405.41983314516,-0.056347224388044126,-2708.164625530243,179.21362721544912,2392.7840059280384,0.9999999999999999,0.0,0,607212
2024-04-11,AWKPCGXEL,4260.99,177.4070529937744,140563.0327729225,141697.25520761491,-0.023930743477075984,-1134.2224346923829,179.21362721544912,1258.5615712356557,1.0,0.0,0,607212
2024-04-12,AWKPCGXEL,4260.99,176.0545825958252,140158.18131219863,140563.0327729225,-0.008698762544493267,-404.8514607238769,179.21362721544912,853.7101105117795,1.0,0.0,0,607212
2024-04-15,AWKPCGXEL,4260.99,175.19106101989746,139044.56815229414,140158.18131219863,-0.023736087869523408,-1113.6131599044802,179.21362721544912,-259.9030493927007,1.0,0.0,0,607212
2024-04-16,AWKPCGXEL,4260.99,172.29625034332275,136889.04266724587,139044.56815229414,-0.04662165675093997,-2155.5254850482943,179.21362721544912,-2415.4285344409955,1.0,0.0,0,607212
2024-04-17,AWKPCGXEL,4260.99,174.8082218170166,139261.27078142166,136889.04266724587,0.05202307648824799,2372.2281141757967,179.21362721544912,-43.20042026519832,1.0,0.0,0,607212
2024-04-18,AWKPCGXEL,4260.99,177.28178596496582,140817.04583810805,139261.27078142166,0.03369654401976195,1555.7750566864015,179.21362721544912,1512.5746364212032,1.0,0.0,0,607212
2024-04-19,AWKPCGXEL,4260.99,179.58584594726562,143009.83463859558,140817.04583810805,0.046569849256537205,2192.7888004875185,179.21362721544912,3705.3634369087217,1.0,0.0,0,607212
2024-04-22,AWKPCGXEL,4260.99,180.60760116577148,143797.78660045625,143009.83463859558,0.016564570588649942,787.9519618606568,179.21362721544912,4493.315398769378,0.9999999999999999,0.0,0,607212
2024-04-23,AWKPCGXEL,4260.99,181.4827480316162,144340.71371847152,143797.78660045625,0.01134521157535489,542.9271180152894,179.21362721544912,5036.242516784668,1.0,0.0,0,607212
2024-04-24,AWKPCGXEL,4260.99,182.98822593688965,145092.8511644554,144340.71371847152,0.01587416881909848,752.1374459838868,179.21362721544912,5788.379962768554,1.0,0.0,0,607212
2024-04-25,AWKPCGXEL,4260.99,182.93976974487305,145082.80223773955,145092.8511644554,-0.00010031316435396825,-10.048926715850826,179.21362721544912,5778.331036052704,1.0,0.0,0,607212
2024-04-26,AWKPCGXEL,4260.99,181.19643211364746,143735.39327505112,145082.80223773955,-0.02776570129533918,-1347.408962688446,179.21362721544912,4430.922073364257,1.0,0.0,0,607212
2024-04-29,AWKPCGXEL,4260.99,183.3255271911621,145439.9691598892,143735.39327505112,0.03556196362491471,1704.5758848381042,179.21362721544912,6135.497958202362,1.0,0.0,0,607212
2024-04-30,AWKPCGXEL,4260.99,182.5192813873291,144363.779019413,145439.9691598892,-0.02213012339577482,-1076.1901404762268,179.21362721544912,5059.307817726134,1.0,0.0,0,607212
2024-05-01,CEGDTEXEL,1715.51,335.3023452758789,146114.5559501648,47652.071668396,0.0009303956987432243,44.335282516479495,331.0086410634118,4195.378386001581,1.0,760.52,3,607215
2024-05-02,CEGDTEXEL,1715.51,337.4479789733887,146804.2188092804,146114.5559501648,0.01417348070966012,689.6628591156006,331.0086410634118,4885.0412451171815,1.0,0.0,0,607215
2024-05-03,CEGDTEXEL,1715.51,347.2184753417969,149877.10382019042,146804.2188092804,0.06267938049877274,3072.885010910034,331.0086410634118,7957.9262560272155,1.0,0.0,0,607215
2024-05-06,CEGDTEXEL,1715.51,349.8815574645996,150612.00133888243,149877.10382019042,0.014296137205284802,734.8975186920165,331.0086410634118,8692.823774719232,1.0,0.0,0,607215
2024-05-07,CEGDTEXEL,1715.51,354.1046829223633,152336.38050224303,150612.00133888243,0.03416375714962701,1724.3791633605958,331.0086410634118,10417.202938079827,1.0,0.0,0,607215
2024-05-08,CEGDTEXEL,1715.51,362.6511039733887,154823.67712638853,152336.38050224303,0.04772466064892336,2487.296624145508,331.0086410634118,12904.499562225334,1.0,0.0,0,607215
2024-05-09,CEGDTEXEL,1715.51,372.2274589538574,157889.59933883668,154823.67712638853,0.05761788712376408,3065.92221244812,331.0086410634118,15970.421774673454,1.0,0.0,0,607215
2024-05-10,CEGDTEXEL,1715.51,370.68572998046875,157463.74455566407,157889.59933883668,-0.007777066637761948,-425.8547831726074,331.0086410634118,15544.566991500848,0.9999999999999999,0.0,0,607215
2024-05-13,CEGDTEXEL,1715.51,369.54028701782227,157367.55368888855,157463.74455566407,-0.001121573503363709,-96.19086677551269,331.0086410634118,15448.376124725335,1.0,0.0,0,607215
2024-05-14,CEGDTEXEL,1715.51,372.8925590515137,157984.98678726197,157367.55368888855,0.009997187885471995,617.433098373413,331.0086410634118,16065.809223098748,1.0,0.0,0,607215
2024-05-15,CEGDTEXEL,1715.51,379.81690979003906,160234.6892038727,157984.98678726197,0.04113395446917047,2249.7024166107176,331.0086410634118,18315.511639709468,1.0,0.0,0,607215
2024-05-16,CEGDTEXEL,1715.51,373.6356086730957,158753.15983062744,160234.6892038727,-0.024193316537513387,-1481.5293732452392,331.0086410634118,16833.982266464227,1.0,0.0,0,607215
2024-05-17,CEGDTEXEL,1715.51,369.9752960205078,157523.50553840637,158753.15983062744,-0.022380226799672207,-1229.6542922210692,331.0086410634118,15604.327974243159,1.0,0.0,0,607215
2024-05-20,CEGDTEXEL,1715.51,372.1880340576172,158430.04236457823,157523.50553840637,0.016959397172080778,906.536826171875,331.0086410634118,16510.86480041503,1.0,0.0,0,607215
2024-05-21,CEGDTEXEL,1715.51,380.99972915649414,161383.30348220826,158430.04236457823,0.05404851175172846,2953.2611176300047,331.0086410634118,19464.125918045036,1.0,0.0,0,607215
2024-05-22,CEGDTEXEL,1715.51,375.45349884033203,158695.88005477906,161383.30348220826,-0.0507350969434127,-2687.4234274291994,331.0086410634118,16776.70249061584,1.0,0.0,0,607215
2024-05-23,CEGDTEXEL,1715.51,372.3417625427246,156327.6236039734,158695.88005477906,-0.047780059620548626,-2368.256450805664,331.0086410634118,14408.446039810173,0.9999999999999999,0.0,0,607215
2024-05-24,CEGDTEXEL,1715.51,382.21370697021484,158918.15327934263,156327.6236039734,0.04474578969740531,2590.5296753692623,331.0086410634118,16998.975715179437,1.0,0.0,0,607215
2024-05-28,CEGDTEXEL,1715.51,382.9008255004883,159122.5055857849,158918.15327934263,0.003501336986472247,204.35230644226073,331.0086410634118,17203.328021621695,1.0,0.0,0,607215
2024-05-29,CEGDTEXEL,1715.51,370.55279541015625,155148.90874435424,159122.5055857849,-0.0702243151336678,-3973.596841430664,331.0086410634118,13229.731180191033,1.0,0.0,0,607215
2024-05-30,CEGDTEXEL,1715.51,377.3210906982422,157966.6678765869,155148.90874435424,0.05429482035960029,2817.759132232666,331.0086410634118,16047.490312423699,1.0,0.0,0,607215
2024-05-31,CEGDTEXEL,1715.51,374.25778579711914,158608.3986982727,157966.6678765869,0.020055546633307927,641.7308216857912,331.0086410634118,16689.221134109488,1.0,0.0,0,607215
2024-06-03,AEEATOWEC,1905.9799999999998,255.15125274658203,155586.07615509033,0.0,0.0,0.0,255.15125274658203,0.0,1.0,1905.9799999999998,3,607218
2024-06-04,AEEATOWEC,1905.9799999999998,256.3548583984375,156327.82513267515,155586.07615509033,0.014302362789464625,741.7489775848387,255.15125274658203,741.7489775848387,1.0,0.0,0,607218
2024-06-05,AEEATOWEC,1905.9799999999998,253.19664764404297,154262.3609598541,156327.82513267515,-0.03965183327071838,-2065.4641728210445,255.15125274658203,-1323.7151952362058,1.0,0.0,0,607218
2024-06-06,AEEATOWEC,1905.9799999999998,252.75765991210938,153854.8551167297,154262.3609598541,-0.007929556209615487,-407.50584312438957,255.15125274658203,-1731.2210383605952,1.0,0.0,0,607218
2024-06-07,AEEATOWEC,1905.9799999999998,250.68763732910156,152510.49835380554,153854.8551167297,-0.026311835609746304,-1344.356762924194,255.15125274658203,-3075.5778012847895,1.0,0.0,0,607218
2024-06-10,AEEATOWEC,1905.9799999999998,251.37559509277344,152865.16219955444,152510.49835380554,0.007014449002434039,354.6638457489013,255.15125274658203,-2720.913955535888,0.9999999999999999,0.0,0,607218
2024-06-11,AEEATOWEC,1905.9799999999998,251.89505767822266,153163.33939170834,152865.16219955444,0.005820769802801317,298.17719215393066,255.15125274658203,-2422.7367633819576,1.0,0.0,0,607218
2024-06-12,AEEATOWEC,1905.9799999999998,251.27220916748047,152606.91732788086,153163.33939170834,-0.011124471362808665,-556.4220638275145,255.15125274658203,-2979.1588272094723,0.9999999999999999,0.0,0,607218
2024-06-13,AEEATOWEC,1905.9799999999998,250.41141510009766,152011.15170318604,152606.91732788086,-0.011790923724932506,-595.7656246948242,255.15125274658203,-3574.924451904297,0.9999999999999999,0.0,0,607218
2024-06-14,AEEATOWEC,1905.9799999999998,250.80440521240234,152291.77343872067,152011.15170318604,0.005616640196465215,280.62173553466795,255.15125274658203,-3294.302716369628,1.0,0.0,0,607218
2024-06-17,AEEATOWEC,1905.9799999999998,250.74478912353516,152240.29894233702,152291.77343872067,-0.0010151416671538415,-51.47449638366703,255.15125274658203,-3345.7772127532953,1.0,0.0,0,607218
2024-06-18,AEEATOWEC,1905.9799999999998,250.9261932373047,152205.60594291685,152240.29894233702,-0.000960865661673855,-34.69299942016596,255.15125274658203,-3380.4702121734613,1.0,0.0,0,607218
2024-06-20,AEEATOWEC,1905.9799999999998,253.03988647460938,153670.47431251526,152205.60594291685,0.02930838353832837,1464.8683695983884,255.15125274658203,-1915.6018425750729,1.0,0.0,0,607218
2024-06-21,AEEATOWEC,1905.9799999999998,250.47249603271484,152044.40923400878,153670.47431251526,-0.03186470839005766,-1626.0650785064697,255.15125274658203,-3541.6669210815426,1.0,0.0,0,607218
2024-06-24,AEEATOWEC,1905.9799999999998,254.0208740234375,154175.38174003598,152044.40923400878,0.042004922393208466,2130.9725060272212,255.15125274658203,-1410.6944150543209,1.0,0.0,0,607218
2024-06-25,AEEATOWEC,1905.9799999999998,250.69152069091797,152138.70010414123,154175.38174003598,-0.0396603175220087,-2036.6816358947751,255.15125274658203,-3447.3760509490958,1.0,0.0,0,607218
2024-06-26,AEEATOWEC,1905.9799999999998,250.11253356933594,151827.31827095032,152138.70010414123,-0.00606010794698326,-311.381833190918,255.15125274658203,-3758.7578841400136,1.0,0.0,0,607218
2024-06-27,AEEATOWEC,1905.9799999999998,251.5775146484375,152791.36881324765,151827.31827095032,0.019178360792521894,964.0505422973632,255.15125274658203,-2794.7073418426507,1.0,0.0,0,607218
2024-06-28,AEEATOWEC,1905.9799999999998,251.84283447265625,152963.30306724546,152791.36881324765,0.003381909739467875,171.9342539978027,255.15125274658203,-2622.7730878448483,1.0,0.0,0,607218
2024-07-01,EDESEXC,3148.36,167.0384979248047,151615.5553223419,0.0,0.0,0.0,167.0384979248047,0.0,1.0,3148.36,3,607221
2024-07-02,EDESEXC,3148.36,167.13291931152344,151641.61309604644,151615.5553223419,0.000515597302964519,26.057773704528802,167.0384979248047,26.057773704528802,1.0,0.0,0,607221
2024-07-03,EDESEXC,3148.36,167.79771423339844,152492.1040657425,151641.61309604644,0.016847081057708067,850.490969696045,167.0384979248047,876.5487434005737,1.0,0.0,0,607221
2024-07-05,EDESEXC,3148.36,167.89122772216797,152160.68693935394,152492.1040657425,-0.006478399907904811,-331.4171263885499,167.0384979248047,545.1316170120239,1.0,0.0,0,607221
2024-07-08,EDESEXC,3148.36,167.06705856323242,151610.3209719467,152160.68693935394,-0.010863636571492504,-550.3659674072265,167.0384979248047,-5.234350395202682,1.0,0.0,0,607221
2024-07-09,EDESEXC,3148.36,168.1307144165039,152606.5088967514,151610.3209719467,0.019659968139945146,996.1879248046874,167.0384979248047,990.9535744094846,1.0,0.0,0,607221
2024-07-10,EDESEXC,3148.36,169.55649948120117,153790.66428890228,152606.5088967514,0.023353989230818505,1184.155392150879,167.0384979248047,2175.1089665603636,1.0,0.0,0,607221
2024-07-11,EDESEXC,3148.36,172.82898330688477,156787.5544013214,153790.66428890228,0.05840433565261806,2996.8901124191284,167.0384979248047,5171.999078979492,1.0,0.0,0,607221
2024-07-12,EDESEXC,3148.36,174.2939910888672,157925.87491886137,156787.5544013214,0.021541488600261456,1138.320517539978,167.0384979248047,6310.31959651947,1.0,0.0,0,607221
2024-07-15,EDESEXC,3148.36,171.60706329345703,156023.45470596314,157925.87491886137,-0.035712277299026436,-1902.4202128982542,167.0384979248047,4407.899383621216,0.9999999999999999,0.0,0,607221
2024-07-16,EDESEXC,3148.36,173.39251327514648,157417.26285442352,156023.45470596314,0.026863839016976518,1393.808148460388,167.0384979248047,5801.707532081604,1.0,0.0,0,607221
2024-07-17,EDESEXC,3148.36,177.98161697387695,161641.16814426423,157417.26285442352,0.08040188120944636,4223.905289840698,167.0384979248047,10025.612821922303,1.0,0.0,0,607221
2024-07-18,EDESEXC,3148.36,177.98492050170898,161419.45796646117,161641.16814426423,-0.00408191242834428,-221.71017780303956,167.0384979248047,9803.902644119262,1.0,0.0,0,607221
2024-07-19,EDESEXC,3148.36,177.55184173583984,160959.5877365875,161419.45796646117,-0.008503134849079792,-459.8702298736572,167.0384979248047,9344.032414245605,1.0,0.0,0,607221
2024-07-22,EDESEXC,3148.36,178.82741928100586,162066.28441921234,160959.5877365875,0.020503399261047363,1106.696682624817,167.0384979248047,10450.729096870422,1.0,0.0,0,607221
2024-07-23,EDESEXC,3148.36,176.3138313293457,159879.52003822327,162066.28441921234,-0.04039000495539814,-2186.7643809890747,167.0384979248047,8263.964715881348,1.0,0.0,0,607221
2024-07-24,EDESEXC,3148.36,181.3516731262207,164228.53694583895,159879.52003822327,0.08126754486267951,4349.016907615662,167.0384979248047,12612.98162349701,0.9999999999999999,0.0,0,607221
2024-07-25,EDESEXC,3148.36,181.91828155517578,164775.2416176605,164228.53694583895,0.009734649645529095,546.7046718215942,167.0384979248047,13159.686295318603,1.0,0.0,0,607221
2024-07-26,EDESEXC,3148.36,183.47855758666992,166270.28204532622,164775.2416176605,0.02697337552834278,1495.0404276657105,167.0384979248047,14654.726722984315,1.0,0.0,0,607221
2024-07-29,EDESEXC,3148.36,184.41327667236328,167112.9367028427,166270.28204532622,0.015090204923743456,842.6546575164795,167.0384979248047,15497.381380500792,1.0,0.0,0,607221
2024-07-30,EDESEXC,3148.36,186.8594207763672,169241.14982517244,167112.9367028427,0.037969114596903115,2128.213122329712,167.0384979248047,17625.594502830507,0.9999999999999999,0.0,0,607221
2024-07-31,EDESEXC,3148.36,185.2845001220703,167909.4690987015,169241.14982517244,-0.022976191199333945,-1331.6807264709473,167.0384979248047,16293.913776359557,1.0,0.0,0,607221
2024-08-01,CEGCNPNRG,3259.01,274.00672912597656,171661.3531239319,0.0,0.0,0.0,274.00672912597656,0.0,1.0,3259.01,3,607224
2024-08-02,CEGCNPNRG,3259.01,259.19654846191406,163360.96842956543,171661.3531239319,-0.1450602412881536,-8300.384694366456,274.00672912597656,-8300.384694366456,1.0,0.0,0,607224
2024-08-05,CEGCNPNRG,3259.01,259.88366508483887,161110.7458187485,163360.96842956543,-0.04067314818469418,-2250.2226108169557,274.00672912597656,-10550.60730518341,1.0,0.0,0,607224
2024-08-06,CEGCNPNRG,3259.01,272.9152584075928,166143.21602230074,161110.7458187485,0.0923451716511276,5032.470203552246,274.00672912597656,-5518.137101631165,1.0,0.0,0,607224
2024-08-07,CEGCNPNRG,3259.01,272.2772960662842,166099.06762493134,166143.21602230074,-0.0006939801828786691,-44.14839736938484,274.00672912597656,-5562.285499000549,1.0,0.0,0,607224
2024-08-08,CEGCNPNRG,3259.01,285.93762016296387,174388.49737392427,166099.06762493134,0.1482476848767264,8289.42974899292,274.00672912597656,2727.144249992371,1.0,0.0,0,607224
2024-08-09,CEGCNPNRG,3259.01,291.189359664917,177496.04315288545,174388.49737392427,0.05216968373442214,3107.545778961182,274.00672912597656,5834.690028953552,1.0,0.0,0,607224
2024-08-12,CEGCNPNRG,3259.01,288.3572692871094,175914.2111820984,177496.04315288545,-0.026970873879731978,-1581.8319707870485,274.00672912597656,4252.858058166503,1.0,0.0,0,607224
2024-08-13,CEGCNPNRG,3259.01,292.05419540405273,177484.48624412538,175914.2111820984,0.023804825760305192,1570.2750620269776,274.00672912597656,5823.133120193483,1.0,0.0,0,607224
2024-08-14,CEGCNPNRG,3259.01,289.22961235046387,176613.3029153061,177484.48624412538,-0.015109281897178431,-871.183328819275,274.00672912597656,4951.949791374207,1.0,0.0,0,607224
2024-08-15,CEGCNPNRG,3259.01,294.076229095459,178884.7518752289,176613.3029153061,0.0390012981459472,2271.448959922791,274.00672912597656,7223.398751296997,1.0,0.0,0,607224
2024-08-16,CEGCNPNRG,3259.01,293.62282943725586,178611.84278678894,178884.7518752289,-0.004883557909638814,-272.90908843994146,274.00672912597656,6950.489662857056,1.0,0.0,0,607224
2024-08-19,CEGCNPNRG,3259.01,296.205228805542,179685.37530513766,178611.84278678894,0.01911691233352672,1073.532518348694,274.00672912597656,8024.02218120575,0.9999999999999999,0.0,0,607224
2024-08-20,CEGCNPNRG,3259.01,293.5352077484131,178222.17860683444,179685.37530513766,-0.024619163635707812,-1463.1966983032228,274.00672912597656,6560.825482902527,1.0,0.0,0,607224
2024-08-21,CEGCNPNRG,3259.01,300.62178230285645,181487.8471344376,178222.17860683444,0.05448224938910716,3265.66852760315,274.00672912597656,9826.494010505676,1.0,0.0,0,607224
2024-08-22,CEGCNPNRG,3259.01,298.738733291626,181848.1878749466,181487.8471344376,0.01062990304699096,360.34074050903314,274.00672912597656,10186.83475101471,1.0,0.0,0,607224
2024-08-23,CEGCNPNRG,3259.01,300.2257671356201,182797.42554439546,181848.1878749466,0.014053920659407882,949.2376694488526,274.00672912597656,11136.072420463563,1.0,0.0,0,607224
2024-08-26,CEGCNPNRG,3259.01,300.764102935791,183799.69067985535,182797.42554439546,0.01779655106256686,1002.2651354599,274.00672912597656,12138.337555923463,1.0,0.0,0,607224
2024-08-27,CEGCNPNRG,3259.01,301.89358711242676,184168.39490146638,183799.69067985535,0.00609450560039423,368.704221611023,274.00672912597656,12507.041777534485,1.0,0.0,0,607224
2024-08-28,CEGCNPNRG,3259.01,296.27778816223145,180769.81122989656,184168.39490146638,-0.05265045825478494,-3398.583671569824,274.00672912597656,9108.45810596466,1.0,0.0,0,607224
2024-08-29,CEGCNPNRG,3259.01,299.1197319030762,182569.82827201844,180769.81122989656,0.028322281639482777,1800.0170421218872,274.00672912597656,10908.475148086549,1.0,0.0,0,607224
2024-08-30,CEGCNPNRG,3259.01,303.9009952545166,185610.79791751862,182569.82827201844,0.0486746469910837,3040.969645500183,274.00672912597656,13949.444793586732,1.0,0.0,0,607224
2024-09-03,AESCEGCNP,6393.22,217.6215305328369,175782.23986154556,119427.94493991853,-0.0892272792362934,-5718.710934143067,217.50499716973485,-730.1439498519923,1.0,3931.8300000000004,3,607227
2024-09-04,AESCEGCNP,6393.22,217.6905746459961,176701.2053504944,175782.23986154556,0.015701325883528364,918.965488948822,217.50499716973485,188.82153909682972,1.0,0.0,0,607227
2024-09-05,AESCEGCNP,6393.22,216.36059188842773,176457.51633289337,176701.2053504944,-0.004189880509671433,-243.68901760101323,217.50499716973485,-54.867478504183396,1.0,0.0,0,607227
2024-09-06,AESCEGCNP,6393.22,212.28706741333008,171838.3423093033,176457.51633289337,-0.07837649403577611,-4619.174023590089,217.50499716973485,-4674.041502094271,1.0,0.0,0,607227
2024-09-09,AESCEGCNP,6393.22,214.21278953552246,172747.7366259575,171838.3423093033,0.015838675946943555,909.3943166542055,217.50499716973485,-3764.647185440066,1.0,0.0,0,607227
2024-09-10,AESCEGCNP,6393.22,219.84227180480957,175642.7921886635,172747.7366259575,0.05039369539105506,2895.055562705994,217.50499716973485,-869.5916227340724,1.0,0.0,0,607227
2024-09-11,AESCEGCNP,6393.22,228.44843101501465,183763.37216314318,175642.7921886635,0.13972876266887002,8120.579974479677,217.50499716973485,7250.988351745604,1.0,0.0,0,607227
2024-09-12,AESCEGCNP,6393.22,230.99287796020508,184787.2430731583,183763.37216314318,0.01598999386963361,1023.8709100151063,217.50499716973485,8274.85926176071,1.0,0.0,0,607227
2024-09-13,AESCEGCNP,6393.22,237.69084358215332,188974.97102899553,184787.2430731583,0.06735586280226612,4187.72795583725,217.50499716973485,12462.58721759796,1.0,0.0,0,607227
2024-09-16,AESCEGCNP,6393.22,241.6245632171631,192292.10926244737,188974.97102899553,0.052060867790124296,3317.138233451843,217.50499716973485,15779.725451049804,1.0,0.0,0,607227
2024-09-17,AESCEGCNP,6393.22,243.89963340759277,193983.04702192306,192292.10926244737,0.02593559666683313,1690.9377594757082,217.50499716973485,17470.663210525512,1.0,0.0,0,607227
2024-09-18,AESCEGCNP,6393.22,242.92132377624512,193521.27753538132,193983.04702192306,-0.007317109159343211,-461.76948654174805,217.50499716973485,17008.893723983765,1.0,0.0,0,607227
2024-09-19,AESCEGCNP,6393.22,250.72998428344727,195066.39922672271,193521.27753538132,0.023863561232046932,1545.1216913414003,217.50499716973485,18554.015415325164,1.0,0.0,0,607227
2024-09-20,AESCEGCNP,6393.22,296.6590347290039,210208.55691276552,195066.39922672271,0.21974092287049385,15142.157686042787,217.50499716973485,33696.17310136795,1.0,0.0,0,607227
2024-09-23,AESCEGCNP,6393.22,299.88902473449707,214002.40935548785,210208.55691276552,0.05759404832392334,3793.852442722321,217.50499716973485,37490.02554409027,1.0,0.0,0,607227
2024-09-24,AESCEGCNP,6393.22,295.86433029174805,211538.27316570282,214002.40935548785,-0.03362895519882764,-2464.136189785004,217.50499716973485,35025.88935430527,1.0,0.0,0,607227
2024-09-25,AESCEGCNP,6393.22,305.465368270874,215967.9067001152,211538.27316570282,0.05684992891506205,4429.6335344123845,217.50499716973485,39455.52288871765,1.0,0.0,0,607227
2024-09-26,AESCEGCNP,6393.22,299.8433322906494,215025.5248134041,215967.9067001152,-0.006354978406924941,-942.3818867111206,217.50499716973485,38513.14100200653,1.0,0.0,0,607227
2024-09-27,AESCEGCNP,6393.22,300.6159076690674,216944.06723184587,215025.5248134041,0.028318403371541657,1918.5424184417725,217.50499716973485,40431.6834204483,1.0,0.0,0,607227
2024-09-30,AESCEGCNP,6393.22,303.90357780456543,218588.185854702,216944.06723184587,0.022249164992863002,1644.11862285614,217.50499716973485,42075.802043304444,1.0,0.0,0,607227
2024-10-01,AWKDUKPNW,2079.44,333.0972671508789,221462.75163978577,0.0,0.0,0.0,333.0972671508789,0.0,1.0,2079.44,3,607230
2024-10-02,AWKDUKPNW,2079.44,333.30663299560547,221418.25524902344,221462.75163978577,-0.0006027567338798088,-44.49639076232904,333.0972671508789,-44.49639076232904,1.0,0.0,0,607230
2024-10-03,AWKDUKPNW,2079.44,330.8030014038086,219869.57107467653,221418.25524902344,-0.02094413300925463,-1548.6841743469238,333.0972671508789,-1593.180565109253,1.0,0.0,0,607230
2024-10-04,AWKDUKPNW,2079.44,325.73020935058594,216449.95208145143,219869.57107467653,-0.04666820210533145,-3419.618993225098,333.0972671508789,-5012.799558334351,1.0,0.0,0,607230
2024-10-07,AWKDUKPNW,2079.44,315.98787689208984,210486.21137527467,216449.95208145143,-0.08252132293225255,-5963.740706176758,333.0972671508789,-10976.54026451111,1.0,0.0,0,607230
2024-10-08,AWKDUKPNW,2079.44,316.39227294921875,210625.822664032,210486.21137527467,0.002089801421836253,139.6112887573242,333.0972671508789,-10836.928975753784,1.0,0.0,0,607230
2024-10-09,AWKDUKPNW,2079.44,315.3785095214844,210017.70037979126,210625.822664032,-0.008701382711914632,-608.1222842407226,333.0972671508789,-11445.051259994507,1.0,0.0,0,607230
2024-10-10,AWKDUKPNW,2079.44,316.48321533203125,210634.8379523468,210017.70037979126,0.008689739748061424,617.137572555542,333.0972671508789,-10827.913687438966,1.0,0.0,0,607230
2024-10-11,AWKDUKPNW,2079.44,320.36085510253906,212954.64899795532,210634.8379523468,0.033179460516018416,2319.8110456085205,333.0972671508789,-8508.102641830445,1.0,0.0,0,607230
2024-10-14,AWKDUKPNW,2079.44,323.24896240234375,214813.00784500124,212954.64899795532,0.02619379908912817,1858.3588470458985,333.0972671508789,-6649.7437947845465,1.0,0.0,0,607230
2024-10-15,AWKDUKPNW,2079.44,326.4363250732422,216947.16044914245,214813.00784500124,0.029560720800895446,2134.1526041412353,333.0972671508789,-4515.59119064331,1.0,0.0,0,607230
2024-10-16,AWKDUKPNW,2079.44,330.7514953613281,219768.36556678772,216947.16044914245,0.0385736240753555,2821.2051176452637,333.0972671508789,-1694.386072998047,1.0,0.0,0,607230
2024-10-17,AWKDUKPNW,2079.44,329.33287811279297,218969.7254248047,219768.36556678772,-0.011470673911336708,-798.6401419830322,333.0972671508789,-2493.0262149810796,1.0,0.0,0,607230
2024-10-18,AWKDUKPNW,2079.44,331.39635467529297,220353.9564392853,218969.7254248047,0.01933373458325537,1384.2310144805908,333.0972671508789,-1108.7952005004886,0.9999999999999999,0.0,0,607230
2024-10-21,AWKDUKPNW,2079.44,329.27857208251953,218965.01382995606,220353.9564392853,-0.018846567981670864,-1388.9426093292236,333.0972671508789,-2497.7378098297118,1.0,0.0,0,607230
2024-10-22,AWKDUKPNW,2079.44,329.59790802001953,219344.93981483462,218965.01382995606,0.005336052295647245,379.92598487854,333.0972671508789,-2117.8118249511717,1.0,0.0,0,607230
2024-10-23,AWKDUKPNW,2079.44,332.66798400878906,221448.06469345093,219344.93981483462,0.028993640614107627,2103.1248786163333,333.0972671508789,-14.686946334838808,1.0,0.0,0,607230
2024-10-24,AWKDUKPNW,2079.44,329.27079010009766,219532.49938087462,221448.06469345093,-0.025820943570219662,-1915.565312576294,333.0972671508789,-1930.2522589111331,1.0,0.0,0,607230
2024-10-25,AWKDUKPNW,2079.44,324.2059097290039,216148.3220021057,219532.49938087462,-0.046249990966583554,-3384.1773787689212,333.0972671508789,-5314.429637680054,1.0,0.0,0,607230
2024-10-28,AWKDUKPNW,2079.44,325.1744384765625,216650.16164588928,216148.3220021057,0.0072690455578013945,501.8396437835694,333.0972671508789,-4812.589993896485,1.0,0.0,0,607230
2024-10-29,AWKDUKPNW,2079.44,319.08518981933594,212807.3747731781,216650.16164588928,-0.05313495238650842,-3842.786872711182,333.0972671508789,-8655.376866607665,1.0,0.0,0,607230
2024-10-30,AWKDUKPNW,2079.44,318.67855072021484,212564.59540138245,212807.3747731781,-0.00336454881218583,-242.7793717956543,333.0972671508789,-8898.15623840332,1.0,0.0,0,607230
2024-10-31,AWKDUKPNW,2079.44,322.4495162963867,214826.03498283387,212564.59540138245,0.03217415823074247,2261.439581451416,333.0972671508789,-6636.716656951904,1.0,0.0,0,607230
2024-11-01,AWKEIXFE,3290.9599999999996,242.7789535522461,210293.1152127075,69989.5759590149,-0.015277836297847852,-1069.2892840576171,251.86072403613272,-4900.432535400387,1.0,2761.47,3,607233
2024-11-04,AWKEIXFE,3290.9599999999996,241.82318496704102,209517.34045684815,210293.1152127075,-0.011062756494395712,-775.774755859375,251.86072403613272,-5676.207291259761,1.0,0.0,0,607233
2024-11-05,AWKEIXFE,3290.9599999999996,244.76323699951172,211876.70767601012,209517.34045684815,0.03377651142311202,2359.367219161987,251.86072403613272,-3316.8400720977747,1.0,0.0,0,607233
2024-11-06,AWKEIXFE,3290.9599999999996,240.35946655273438,208826.15833297727,211876.70767601012,-0.043142590511939485,-3050.549343032837,251.86072403613272,-6367.389415130611,1.0,0.0,0,607233
2024-11-07,AWKEIXFE,3290.9599999999996,239.97633361816406,208812.84322738647,208826.15833297727,-0.000267861915291698,-13.315105590820352,251.86072403613272,-6380.704520721431,1.0,0.0,0,607233
2024-11-08,AWKEIXFE,3290.9599999999996,244.8784637451172,212441.08457427978,208812.84322738647,0.05224220744442647,3628.2413468933105,251.86072403613272,-2752.463173828121,1.0,0.0,0,607233
2024-11-11,AWKEIXFE,3290.9599999999996,244.2208251953125,212478.90509864804,212441.08457427978,0.0004099489207050593,37.82052436828599,251.86072403613272,-2714.642649459835,1.0,0.0,0,607233
2024-11-12,AWKEIXFE,3290.9599999999996,241.74329376220703,210571.43987533567,212478.90509864804,-0.0269571900549595,-1907.465223312378,251.86072403613272,-4622.107872772213,1.0,0.0,0,607233
2024-11-13,AWKEIXFE,3290.9599999999996,240.97129821777344,209609.8905931854,210571.43987533567,-0.01355971474070396,-961.5492821502685,251.86072403613272,-5583.657154922481,1.0,0.0,0,607233
2024-11-14,AWKEIXFE,3290.9599999999996,240.15459442138672,208687.35183624265,209609.8905931854,-0.013241127588407944,-922.5387569427489,251.86072403613272,-6506.19591186523,1.0,0.0,0,607233
2024-11-15,AWKEIXFE,3290.9599999999996,244.33070373535156,212326.03361846923,208687.35183624265,0.05226695583244763,3638.6817822265625,251.86072403613272,-2867.5141296386673,1.0,0.0,0,607233
2024-11-18,AWKEIXFE,3290.9599999999996,247.2122917175293,214243.76689178467,212326.03361846923,0.02729400038949087,1917.7332733154296,251.86072403613272,-949.7808563232379,1.0,0.0,0,607233
2024-11-19,AWKEIXFE,3290.9599999999996,249.99958038330078,216198.47441337584,214243.76689178467,0.027110264539297123,1954.7075215911864,251.86072403613272,1004.9266652679482,1.0,0.0,0,607233
2024-11-20,AWKEIXFE,3290.9599999999996,250.27864837646484,216706.0884760284,216198.47441337584,0.006968942280365116,507.61406265258785,251.86072403613272,1512.5407279205358,1.0,0.0,0,607233
2024-11-21,AWKEIXFE,3290.9599999999996,252.46895217895508,218807.6771521759,216706.0884760284,0.029053108609524654,2101.588676147461,251.86072403613272,3614.129404067997,1.0,0.0,0,607233
2024-11-22,AWKEIXFE,3290.9599999999996,250.1040916442871,216817.32816070554,218807.6771521759,-0.027383261877986804,-1990.3489914703368,251.86072403613272,1623.7804125976604,1.0,0.0,0,607233
2024-11-25,AWKEIXFE,3290.9599999999996,250.82732009887695,217937.48912582395,216817.32816070554,0.015137033104308611,1120.160965118408,251.86072403613272,2743.9413777160685,1.0,0.0,0,607233
2024-11-26,AWKEIXFE,3290.9599999999996,251.9800796508789,218881.1390368652,217937.48912582395,0.013169732668247433,943.6499110412597,251.86072403613272,3687.5912887573277,1.0,0.0,0,607233
2024-11-27,AWKEIXFE,3290.9599999999996,253.55665969848633,220366.73324737546,218881.1390368652,0.02034104362907467,1485.5942105102538,251.86072403613272,5173.185499267582,1.0,0.0,0,607233
2024-11-29,AWKEIXFE,3290.9599999999996,251.61757278442383,219009.95110725402,220366.73324737546,-0.018451441144735556,-1356.7821401214599,251.86072403613272,3816.403359146121,1.0,0.0,0,607233
2024-12-02,AESAWKNEE,7487.200000000001,216.7203197479248,214694.20026140218,71124.11406372071,-0.009785154459302147,-695.9604418945313,225.28871122507056,-4707.217225799562,0.9999999999999999,6947.610000000001,3,607236
2024-12-03,AESAWKNEE,7487.200000000001,214.56200313568115,213397.23757233622,214694.20026140218,-0.01810818790096248,-1296.9626890659333,225.28871122507056,-6004.179914865495,1.0,0.0,0,607236
2024-12-04,AESAWKNEE,7487.200000000001,211.40744400024414,213341.27209484103,213397.23757233622,-0.001133272974794976,-55.9654774951934,225.28871122507056,-6060.145392360689,1.0,0.0,0,607236
2024-12-05,AESAWKNEE,7487.200000000001,212.7709379196167,213575.03122960092,213341.27209484103,0.003968976913648897,233.75913475990285,225.28871122507056,-5826.386257600785,1.0,0.0,0,607236
2024-12-06,AESAWKNEE,7487.200000000001,211.8854055404663,211508.35119507794,213575.03122960092,-0.02861338530521568,-2066.6800345230104,225.28871122507056,-7893.066292123796,0.9999999999999999,0.0,0,607236
2024-12-09,AESAWKNEE,7487.200000000001,210.28298091888428,213157.373105402,211508.35119507794,0.022503752498413455,1649.021910324097,225.28871122507056,-6244.044381799698,1.0,0.0,0,607236
2024-12-10,AESAWKNEE,7487.200000000001,210.03064155578613,212995.18377241137,213157.373105402,-0.0025665140470321236,-162.18933299064634,225.28871122507056,-6406.233714790345,1.0,0.0,0,607236
2024-12-11,AESAWKNEE,7487.200000000001,209.21451663970947,212233.55446082118,212995.18377241137,-0.010710083793264501,-761.6293115901948,225.28871122507056,-7167.863026380541,1.0,0.0,0,607236
2024-12-12,AESAWKNEE,7487.200000000001,208.62024974822998,211254.90941365244,212233.55446082118,-0.013812649025745503,-978.6450471687318,225.28871122507056,-8146.508073549272,1.0,0.0,0,607236
2024-12-13,AESAWKNEE,7487.200000000001,207.92510795593262,210184.10975038534,211254.90941365244,-0.01446458974946212,-1070.7996632671357,225.28871122507056,-9217.307736816409,1.0,0.0,0,607236
2024-12-16,AESAWKNEE,7487.200000000001,206.28718185424805,207955.49717113498,210184.10975038534,-0.03150270146198007,-2228.612579250336,225.28871122507056,-11445.920316066742,0.9999999999999999,0.0,0,607236
2024-12-17,AESAWKNEE,7487.200000000001,205.78867149353027,206077.18198152544,207955.49717113498,-0.026342177630664324,-1878.3151896095278,225.28871122507056,-13324.235505676272,1.0,0.0,0,607236
2024-12-18,AESAWKNEE,7487.200000000001,199.19068813323975,199908.7143490696,206077.18198152544,-0.0897341479070426,-6168.467632455826,225.28871122507056,-19492.7031381321,1.0,0.0,0,607236
2024-12-19,AESAWKNEE,7487.200000000001,197.83559036254883,198565.97461605075,199908.7143490696,-0.0202571955137434,-1342.7397330188753,225.28871122507056,-20835.44287115097,1.0,0.0,0,607236
2024-12-20,AESAWKNEE,7487.200000000001,202.1924295425415,204511.1155844784,198565.97461605075,0.08912634766770802,5945.140968427659,225.28871122507056,-14890.301902723315,1.0,0.0,0,607236
2024-12-23,AESAWKNEE,7487.200000000001,203.09517192840576,205633.23824437143,204511.1155844784,0.016533081859530535,1122.1226598930361,225.28871122507056,-13768.17924283028,1.0,0.0,0,607236
2024-12-24,AESAWKNEE,7487.200000000001,203.22229957580566,205670.85952116014,205633.23824437143,0.0007469294728764935,37.6212767887115,225.28871122507056,-13730.557966041568,1.0,0.0,0,607236
2024-12-26,AESAWKNEE,7487.200000000001,202.95052433013916,204408.14553206446,205670.85952116014,-0.017811145029607647,-1262.713989095688,225.28871122507056,-14993.271955137254,1.0,0.0,0,607236
2024-12-27,AESAWKNEE,7487.200000000001,201.7798843383789,203212.30459236147,204408.14553206446,-0.017498207842615993,-1195.8409397029877,225.28871122507056,-16189.112894840244,1.0,0.0,0,607236
2024-12-30,AESAWKNEE,7487.200000000001,200.3401222229004,201782.86024120334,203212.30459236147,-0.02107726360418329,-1429.4443511581421,225.28871122507056,-17618.557245998385,1.0,0.0,0,607236
2024-12-31,AESAWKNEE,7487.200000000001,200.71569633483887,203059.1076712227,201782.86024120334,0.018428122388768096,1276.2474300193787,225.28871122507056,-16342.309815979006,1.0,0.0,0,607236
2025-01-02,AWKEDSO,2236.12,282.0477600097656,203370.6115803528,65829.72554962158,-0.005060660693088245,-333.14190452575684,301.2074730404222,-10915.288513565056,1.0,1686.75,3,607503
2025-01-03,AWKEDSO,2236.12,282.3988952636719,203687.29168899538,203370.6115803528,0.0046780580599302705,316.68010864257815,301.2074730404222,-10598.60840492248,0.9999999999999999,0.0,0,607503
2025-01-06,AWKEDSO,2236.12,278.5438461303711,200916.15042358398,203687.29168899538,-0.04081285010387005,-2771.1412654113774,301.2074730404222,-13369.749670333855,1.0,0.0,0,607503
2025-01-07,AWKEDSO,2236.12,277.9884490966797,200555.52977630618,200916.15042358398,-0.00536869848125086,-360.62064727783206,301.2074730404222,-13730.370317611687,1.0,0.0,0,607503
2025-01-08,AWKEDSO,2236.12,281.7301254272461,203453.88248962403,200555.52977630618,0.04333509652612003,2898.3527133178713,301.2074730404222,-10832.017604293815,1.0,0.0,0,607503
2025-01-10,AWKEDSO,2236.12,277.8592224121094,200579.7656692505,203453.88248962403,-0.04229110320026739,-2874.1168203735356,301.2074730404222,-13706.13442466735,0.9999999999999999,0.0,0,607503
2025-01-13,AWKEDSO,2236.12,278.58142852783203,201216.7440905762,200579.7656692505,0.009485516725482925,636.9784213256836,301.2074730404222,-13069.156003341668,1.0,0.0,0,607503
2025-01-14,AWKEDSO,2236.12,281.0622863769531,202877.93754714966,201216.7440905762,0.02484977016242197,1661.1934565734864,301.2074730404222,-11407.962546768182,1.0,0.0,0,607503
2025-01-15,AWKEDSO,2236.12,283.12857818603516,204325.29983551026,202877.93754714966,0.021400901841464967,1447.3622883605958,301.2074730404222,-9960.600258407585,1.0,0.0,0,607503
2025-01-16,AWKEDSO,2236.12,289.2212600708008,208670.04335739138,204325.29983551026,0.06378857676548724,4344.743521881103,301.2074730404222,-5615.856736526481,1.0,0.0,0,607503
2025-01-17,AWKEDSO,2236.12,290.8219299316406,209897.71282379152,208670.04335739138,0.01752502615204089,1227.6694664001466,301.2074730404222,-4388.187270126335,1.0,0.0,0,607503
2025-01-21,AWKEDSO,2236.12,290.933837890625,210099.85166290286,209897.71282379152,0.0030614239326889102,202.1388391113282,301.2074730404222,-4186.048431015006,0.9999999999999999,0.0,0,607503
2025-01-22,AWKEDSO,2236.12,282.0328369140625,203870.11567642214,210099.85166290286,-0.08906891414751901,-6229.735986480713,301.2074730404222,-10415.78441749572,1.0,0.0,0,607503
2025-01-23,AWKEDSO,2236.12,281.90091705322266,203719.26544586182,203870.11567642214,-0.002192192713052727,-150.85023056030275,301.2074730404222,-10566.634648056022,1.0,0.0,0,607503
2025-01-24,AWKEDSO,2236.12,282.73714447021484,204505.59795410157,203719.26544586182,0.011590340986886548,786.3325082397462,301.2074730404222,-9780.302139816276,1.0,0.0,0,607503
2025-01-27,AWKEDSO,2236.12,297.7015609741211,214823.5306503296,204505.59795410157,0.1519315108707922,10317.932696228028,301.2074730404222,537.630556411752,1.0,0.0,0,607503
2025-01-28,AWKEDSO,2236.12,289.97193145751953,209254.77839813233,214823.5306503296,-0.07788431777250776,-5568.752252197266,301.2074730404222,-5031.121695785514,1.0,0.0,0,607503
2025-01-29,AWKEDSO,2236.12,286.5138626098633,206904.52447891235,209254.77839813233,-0.03374386999147233,-2350.253919219971,301.2074730404222,-7381.375615005487,1.0,0.0,0,607503
2025-01-30,AWKEDSO,2236.12,289.1725311279297,209295.23066375736,206904.52447891235,0.03453996608639889,2390.7061848449707,301.2074730404222,-4990.669430160515,1.0,0.0,0,607503
2025-01-31,AWKEDSO,2236.12,289.0685119628906,208932.61437683107,209295.23066375736,-0.004892788952528039,-362.6162869262695,301.2074730404222,-5353.285717086784,1.0,0.0,0,607503
2025-02-03,AESEIXPCG,13160.920000000002,73.13726806640625,210500.717829237,0.0,0.0,0.0,73.13726806640625,0.0,1.0,13160.920000000002,3,607506
2025-02-04,AESEIXPCG,13160.920000000002,72.40207195281982,208974.72976497654,210500.717829237,-0.021747961250968808,-1525.988064260483,73.13726806640625,-1525.988064260483,1.0,0.0,0,607506
2025-02-05,AESEIXPCG,13160.920000000002,73.49441146850586,211678.34626470567,208974.72976497654,0.038559256252001184,2703.6164997291567,73.13726806640625,1177.6284354686734,1.0,0.0,0,607506
2025-02-06,AESEIXPCG,13160.920000000002,72.48885726928711,211531.8113188839,211678.34626470567,-0.0010512813755997157,-146.53494582176165,73.13726806640625,1031.0934896469116,1.0,0.0,0,607506
2025-02-07,AESEIXPCG,13160.920000000002,71.00525093078613,207179.64006295206,211531.8113188839,-0.06177752422213266,-4352.171255931855,73.13726806640625,-3321.077766284943,1.0,0.0,0,607506
2025-02-10,AESEIXPCG,13160.920000000002,71.57240962982178,209993.3372918415,207179.64006295206,0.04016693300607203,2813.697228889466,73.13726806640625,-507.3805373954774,1.0,0.0,0,607506
2025-02-11,AESEIXPCG,13160.920000000002,71.80274677276611,208044.58490124706,209993.3372918415,-0.02730880808422905,-1948.7523905944827,73.13726806640625,-2456.13292798996,1.0,0.0,0,607506
2025-02-12,AESEIXPCG,13160.920000000002,73.63653373718262,210786.6441124344,208044.58490124706,0.03896172447414127,2742.059211187363,73.13726806640625,285.9262831974029,1.0,0.0,0,607506
2025-02-13,AESEIXPCG,13160.920000000002,72.43998527526855,208728.94356847764,210786.6441124344,-0.028293705173164027,-2057.7005439567565,73.13726806640625,-1771.7742607593536,1.0,0.0,0,607506
2025-02-14,AESEIXPCG,13160.920000000002,70.35011196136475,202807.67808033945,208728.94356847764,-0.08437958513334015,-5921.265488138199,73.13726806640625,-7693.039748897553,1.0,0.0,0,607506
2025-02-18,AESEIXPCG,13160.920000000002,71.95392227172852,207427.0962015057,202807.67808033945,0.06952634298958166,4619.41812116623,73.13726806640625,-3073.6216277313238,1.0,0.0,0,607506
2025-02-19,AESEIXPCG,13160.920000000002,73.32238292694092,210757.18244254112,207427.0962015057,0.048086377857992746,3330.0862410354616,73.13726806640625,256.4646133041383,1.0,0.0,0,607506
2025-02-20,AESEIXPCG,13160.920000000002,73.12650871276855,211969.16055173875,210757.18244254112,0.017957336839902527,1211.9781091976167,73.13726806640625,1468.4427225017546,1.0,0.0,0,607506
2025-02-21,AESEIXPCG,13160.920000000002,73.59571075439453,213194.8572823811,211969.16055173875,0.016825399397166242,1225.6967306423187,73.13726806640625,2694.1394531440737,0.9999999999999999,0.0,0,607506
2025-02-24,AESEIXPCG,13160.920000000002,73.79201793670654,214219.39129403117,213194.8572823811,0.014676389100597344,1024.5340116500856,73.13726806640625,3718.673464794159,1.0,0.0,0,607506
2025-02-25,AESEIXPCG,13160.920000000002,73.77962112426758,214672.6739983082,214219.39129403117,0.006722686627047572,453.28270427703865,73.13726806640625,4171.956169071198,1.0,0.0,0,607506
2025-02-26,AESEIXPCG,13160.920000000002,74.3576021194458,216177.01948939328,214672.6739983082,0.021057480452587214,1504.3454910850526,73.13726806640625,5676.30166015625,1.0,0.0,0,607506
2025-02-27,AESEIXPCG,13160.920000000002,72.52845859527588,210199.32768098832,216177.01948939328,-0.08356559009112009,-5977.691808404923,73.13726806640625,-301.39014824867263,1.0,0.0,0,607506
2025-02-28,AESEIXPCG,13160.920000000002,76.96078205108643,224403.67758475305,210199.32768098832,0.20591931003956654,14204.349903764727,73.13726806640625,13902.959755516054,1.0,0.0,0,607506
2025-03-03,PEGSREVST,2646.93,269.04046630859375,222850.92907562255,0.0,0.0,0.0,269.04046630859375,0.0,1.0,2646.93,3,607509
2025-03-04,PEGSREVST,2646.93,270.89916229248047,223482.60794258118,222850.92907562255,0.008503765915011827,631.6788669586181,269.04046630859375,631.6788669586181,1.0,0.0,0,607509
2025-03-05,PEGSREVST,2646.93,272.2804946899414,224988.3578668213,223482.60794258118,0.020500544628208727,1505.7499242401123,269.04046630859375,2137.4287911987303,1.0,0.0,0,607509
2025-03-06,PEGSREVST,2646.93,254.44915771484375,212006.69542251586,224988.3578668213,-0.17229231903476072,-12981.66244430542,269.04046630859375,-10844.23365310669,1.0,0.0,0,607509
2025-03-07,PEGSREVST,2646.93,254.90230560302734,212428.6308718872,212006.69542251586,0.005997947149575706,421.93544937133794,269.04046630859375,-10422.29820373535,1.0,0.0,0,607509
2025-03-10,PEGSREVST,2646.93,249.4072265625,209230.53838256834,212428.6308718872,-0.046887199088784255,-3198.0924893188476,269.04046630859375,-13620.3906930542,1.0,0.0,0,607509
2025-03-11,PEGSREVST,2646.93,254.54147338867188,212004.72157089232,209230.53838256834,0.04380890203439234,2774.1831883239747,269.04046630859375,-10846.207504730224,1.0,0.0,0,607509
2025-03-12,PEGSREVST,2646.93,263.1719055175781,217635.96759368895,212004.72157089232,0.0814182226601213,5631.246022796631,269.04046630859375,-5214.961481933593,1.0,0.0,0,607509
2025-03-13,PEGSREVST,2646.93,258.3970413208008,214298.62316818238,217635.96759368895,-0.04596926814499548,-3337.3444255065915,269.04046630859375,-8552.305907440186,1.0,0.0,0,607509
2025-03-14,PEGSREVST,2646.93,268.7765121459961,222263.43533302308,214298.62316818238,0.1119764247254594,7964.812164840698,269.04046630859375,-587.4937425994872,1.0,0.0,0,607509
2025-03-17,PEGSREVST,2646.93,272.0753707885742,224885.09704551694,222263.43533302308,0.03539595327843284,2621.6617124938966,269.04046630859375,2034.167969894409,1.0,0.0,0,607509
2025-03-18,PEGSREVST,2646.93,269.90673828125,223411.07163017272,224885.09704551694,-0.0195828171223752,-1474.0254153442384,269.04046630859375,560.1425545501709,1.0,0.0,0,607509
2025-03-19,PEGSREVST,2646.93,276.4991989135742,227874.05558288575,223411.07163017272,0.059795833690198356,4462.9839527130125,269.04046630859375,5023.126507263183,1.0,0.0,0,607509
2025-03-20,PEGSREVST,2646.93,278.4929962158203,228927.99239562987,227874.05558288575,0.013271158304158363,1053.9368127441408,269.04046630859375,6077.063320007324,1.0,0.0,0,607509
2025-03-21,PEGSREVST,2646.93,276.4310073852539,227359.78357070923,228927.99239562987,-0.020420566171815643,-1568.2088249206543,269.04046630859375,4508.85449508667,1.0,0.0,0,607509
2025-03-24,PEGSREVST,2646.93,281.79261016845703,231053.29294067383,227359.78357070923,0.04796085259697097,3693.5093699645995,269.04046630859375,8202.36386505127,1.0,0.0,0,607509
2025-03-25,PEGSREVST,2646.93,275.74047088623047,226218.222882843,231053.29294067383,-0.06248430192180337,-4835.070057830811,269.04046630859375,3367.293807220459,1.0,0.0,0,607509
2025-03-26,PEGSREVST,2646.93,269.6960983276367,223378.2512992096,226218.222882843,-0.03380509596773315,-2839.971583633423,269.04046630859375,527.3222235870362,1.0,0.0,0,607509
2025-03-27,PEGSREVST,2646.93,263.5549087524414,219060.64025405885,223378.2512992096,-0.05799042432407631,-4317.611045150757,269.04046630859375,-3790.2888215637204,1.0,0.0,0,607509
2025-03-28,PEGSREVST,2646.93,263.8622131347656,219400.87057556154,219060.64025405885,0.004509516607756902,340.23032150268557,269.04046630859375,-3450.0585000610354,1.0,0.0,0,607509
2025-03-31,PEGSREVST,2646.93,264.4766311645508,220758.34882064819,219400.87057556154,0.018059808856769822,1357.4782450866699,269.04046630859375,-2092.5802549743653,1.0,0.0,0,607509
2025-04-01,CEGSREVST,2068.55,395.9743957519531,224720.90796844484,145383.4737666321,0.04367448963299306,3091.468322143555,396.6891364854161,-93.27752433777209,1.0,375.24000000000007,3,607512
2025-04-02,CEGSREVST,2068.55,409.59610748291016,231814.9944382477,224720.90796844484,0.09472039426778546,7094.086469802857,396.6891364854161,7000.808945465085,0.9999999999999999,0.0,0,607512
2025-04-03,CEGSREVST,2068.55,364.6455612182617,209212.6571813202,231814.9944382477,-0.2911279125448457,-22602.33725692749,396.6891364854161,-15601.528311462407,1.0,0.0,0,607512
2025-04-04,CEGSREVST,2068.55,330.745174407959,190945.980797081,209212.6571813202,-0.26362314275103454,-18266.676384239196,396.6891364854161,-33868.2046957016,1.0,0.0,0,607512
2025-04-07,CEGSREVST,2068.55,342.20892333984375,194905.35264587402,190945.980797081,0.06885567014149994,3959.3718487930305,396.6891364854161,-29908.832846908575,1.0,0.0,0,607512
2025-04-08,CEGSREVST,2068.55,346.7030143737793,196322.9215229416,194905.35264587402,0.021741607435617427,1417.568877067566,396.6891364854161,-28491.263969841006,1.0,0.0,0,607512
2025-04-09,CEGSREVST,2068.55,396.8633499145508,221539.2657611847,196322.9215229416,0.3869854238879504,25216.344238243102,396.6891364854161,-3274.9197315979036,1.0,0.0,0,607512
2025-04-10,CEGSREVST,2068.55,376.1546325683594,210991.29522979737,221539.2657611847,-0.14213847672674024,-10547.97053138733,396.6891364854161,-13822.890262985233,1.0,0.0,0,607512
2025-04-11,CEGSREVST,2068.55,383.6825408935547,215329.83391586304,210991.29522979737,0.0618868532571537,4338.5386860656745,396.6891364854161,-9484.351576919558,1.0,0.0,0,607512
2025-04-14,CEGSREVST,2068.55,384.48461151123047,216858.95510002138,215329.83391586304,0.022117469412828803,1529.1211841583251,396.6891364854161,-7955.230392761234,0.9999999999999999,0.0,0,607512
2025-04-15,CEGSREVST,2068.55,389.70555114746094,219870.65764266968,216858.95510002138,0.0425022229723478,3011.7025426483156,396.6891364854161,-4943.527850112919,1.0,0.0,0,607512
2025-04-16,CEGSREVST,2068.55,385.7864456176758,218594.29835762025,219870.65764266968,-0.016837760836885658,-1276.3592850494385,396.6891364854161,-6219.887135162357,1.0,0.0,0,607512
2025-04-17,CEGSREVST,2068.55,388.51631927490234,219982.73440269468,218594.29835762025,0.018681599107538048,1388.436045074463,396.6891364854161,-4831.451090087894,1.0,0.0,0,607512
2025-04-21,CEGSREVST,2068.55,365.0607376098633,208749.30204048156,219982.73440269468,-0.15446594004210568,-11233.432362213134,396.6891364854161,-16064.88345230103,1.0,0.0,0,607512
2025-04-22,CEGSREVST,2068.55,381.12918853759766,217423.10157875062,208749.30204048156,0.12655260728775647,8673.799538269042,396.6891364854161,-7391.083914031986,1.0,0.0,0,607512
2025-04-23,CEGSREVST,2068.55,398.2762145996094,226213.88745025636,217423.10157875062,0.12366941773099302,8790.785871505737,396.6891364854161,1399.701957473751,1.0,0.0,0,607512
2025-04-24,CEGSREVST,2068.55,411.86021423339844,233063.9390977478,226213.88745025636,0.09117391926654082,6850.051647491456,396.6891364854161,8249.753604965206,1.0,0.0,0,607512
2025-04-25,CEGSREVST,2068.55,419.29632568359375,236487.17220581055,233063.9390977478,0.044107870335073955,3423.2331080627446,396.6891364854161,11672.98671302795,1.0,0.0,0,607512
2025-04-28,CEGSREVST,2068.55,424.96141815185547,239940.1474144745,236487.17220581055,0.044057250265124207,3452.9752086639405,396.6891364854161,15125.961921691893,1.0,0.0,0,607512
2025-04-29,CEGSREVST,2068.55,426.0516815185547,240089.1543577576,239940.1474144745,0.0017060918470031263,149.00694328308109,396.6891364854161,15274.968864974973,1.0,0.0,0,607512
2025-04-30,CEGSREVST,2068.55,422.31896209716797,238054.10165763856,240089.1543577576,-0.02530565689801862,-2035.0527001190185,396.6891364854161,13239.916164855955,1.0,0.0,0,607512
2025-05-01,AESNEEPEG,11151.830000000002,149.15081119537354,248745.21345047,0.0,0.0,0.0,149.15081119537354,0.0,0.9999999999999999,11151.830000000002,3,607515
2025-05-02,AESNEEPEG,11151.830000000002,151.16705894470215,252831.76421058655,248745.21345047,0.04928597695579773,4086.5507601165777,149.15081119537354,4086.5507601165777,1.0,0.0,0,607515
2025-05-05,AESNEEPEG,11151.830000000002,149.19647789001465,251064.4935662079,252831.76421058655,-0.0211153440151468,-1767.270644378662,149.15081119537354,2319.2801157379154,1.0,0.0,0,607515
2025-05-06,AESNEEPEG,11151.830000000002,151.09149932861328,254539.82969947817,251064.4935662079,0.041430668464285794,3475.3361332702643,149.15081119537354,5794.61624900818,1.0,0.0,0,607515
2025-05-07,AESNEEPEG,11151.830000000002,151.8411283493042,254497.47400672914,254539.82969947817,4.322447684355175e-05,-42.355692749023675,149.15081119537354,5752.260556259156,1.0,0.0,0,607515
2025-05-08,AESNEEPEG,11151.830000000002,152.9702377319336,259709.0582576752,254497.47400672914,0.060851735553680106,5211.584250946045,149.15081119537354,10963.844807205202,1.0,0.0,0,607515
2025-05-09,AESNEEPEG,11151.830000000002,154.6694850921631,264137.9198994446,259709.0582576752,0.05005990167630775,4428.86164176941,149.15081119537354,15392.706448974612,1.0,0.0,0,607515
2025-05-12,AESNEEPEG,11151.830000000002,154.84796142578125,269683.30460014346,264137.9198994446,0.0595149427173661,5545.384700698854,149.15081119537354,20938.091149673466,1.0,0.0,0,607515
2025-05-13,AESNEEPEG,11151.830000000002,156.48104000091553,276890.95817176823,269683.30460014346,0.07403996061962728,7207.653571624758,149.15081119537354,28145.744721298222,1.0,0.0,0,607515
2025-05-14,AESNEEPEG,11151.830000000002,156.24208164215088,276425.17306175234,276890.95817176823,-0.005147368749002752,-465.78511001586924,149.15081119537354,27679.959611282353,1.0,0.0,0,607515
2025-05-15,AESNEEPEG,11151.830000000002,159.5242338180542,279599.9665526581,276425.17306175234,0.03798556940361106,3174.7934909057612,149.15081119537354,30854.753102188115,1.0,0.0,0,607515
2025-05-16,AESNEEPEG,11151.830000000002,160.59685802459717,279477.5309226227,279599.9665526581,0.0015498066905211792,-122.43563003540078,149.15081119537354,30732.317472152718,1.0,0.0,0,607515
2025-05-19,AESNEEPEG,11151.830000000002,159.47522735595703,274385.83414268494,279477.5309226227,-0.050096195352855276,-5091.696779937745,149.15081119537354,25640.62069221497,1.0,0.0,0,607515
2025-05-20,AESNEEPEG,11151.830000000002,159.17817306518555,270738.04982444766,274385.83414268494,-0.037704378323753576,-3647.784318237306,149.15081119537354,21992.836373977665,1.0,0.0,0,607515
2025-05-21,AESNEEPEG,11151.830000000002,153.9139518737793,256325.33892601015,270738.04982444766,-0.15597140494159584,-14412.710898437503,149.15081119537354,7580.125475540162,1.0,0.0,0,607515
2025-05-22,AESNEEPEG,11151.830000000002,148.47183322906494,245836.06126968385,256325.33892601015,-0.12033423100760865,-10489.277656326296,149.15081119537354,-2909.1521807861336,1.0,0.0,0,607515
2025-05-23,AESNEEPEG,11151.830000000002,151.13759326934814,251541.39893630985,245836.06126968385,0.07018361960097577,5705.337666625977,149.15081119537354,2796.1854858398438,1.0,0.0,0,607515
2025-05-27,AESNEEPEG,11151.830000000002,152.10023975372314,253234.15499313356,251541.39893630985,0.020245450112447258,1692.7560568237307,149.15081119537354,4488.941542663574,1.0,0.0,0,607515
2025-05-28,AESNEEPEG,11151.830000000002,149.49209880828857,247517.26284202578,253234.15499313356,-0.06791139081892483,-5716.892151107789,149.15081119537354,-1227.9506084442141,1.0,0.0,0,607515
2025-05-29,AESNEEPEG,11151.830000000002,152.95576858520508,254207.37225280763,247517.26284202578,0.08126323684037501,6690.109410781861,149.15081119537354,5462.158802337647,1.0,0.0,0,607515
2025-05-30,AESNEEPEG,11151.830000000002,156.01754760742188,258172.06317115788,254207.37225280763,0.04650123956980094,3964.6909183502203,149.15081119537354,9426.849720687867,1.0,0.0,0,607515
2025-06-02,AESCMSED,11086.100000000002,178.34380912780762,259660.8085303307,84081.80083007815,0.008919790849299081,749.9920776367189,178.12982489676367,1916.641778564457,1.0,2324.5,3,607518
2025-06-03,AESCMSED,11086.100000000002,178.5086317062378,260773.30544638637,259660.8085303307,0.012839875964171903,1112.4969160556795,178.12982489676367,3029.1386946201364,1.0,0.0,0,607518
2025-06-04,AESCMSED,11086.100000000002,176.2521743774414,257586.208508606,260773.30544638637,-0.03663423197240965,-3187.0969377803804,178.12982489676367,-157.95824316024414,1.0,0.0,0,607518
2025-06-05,AESCMSED,11086.100000000002,176.26485061645508,260064.66921276093,257586.208508606,0.028568234047455062,2478.460704154969,178.12982489676367,2320.5024609947245,1.0,0.0,0,607518
2025-06-06,AESCMSED,11086.100000000002,176.62797927856445,263565.13347675325,260064.66921276093,0.03922107908745545,3500.4642639923104,178.12982489676367,5820.966724987035,1.0,0.0,0,607518
2025-06-09,AESCMSED,11086.100000000002,175.80461597442627,262644.9799906254,263565.13347675325,-0.01069631228511953,-920.1534861278535,178.12982489676367,4900.813238859182,1.0,0.0,0,607518
2025-06-10,AESCMSED,11086.100000000002,177.91858291625977,267815.1452885056,262644.9799906254,0.05747652052381125,5170.165297880174,178.12982489676367,10070.978536739354,1.0,0.0,0,607518
2025-06-11,AESCMSED,11086.100000000002,178.09889602661133,269373.911036644,267815.1452885056,0.016155507136768176,1558.765748138428,178.12982489676367,11629.744284877783,1.0,0.0,0,607518
2025-06-12,AESCMSED,11086.100000000002,180.1130771636963,271889.8689010811,269373.911036644,0.028597010328146037,2515.9578644371036,178.12982489676367,14145.702149314886,1.0,0.0,0,607518
2025-06-13,AESCMSED,11086.100000000002,179.93981170654297,270859.68753120425,271889.8689010811,-0.010692277997743891,-1030.1813698768617,178.12982489676367,13115.520779438026,1.0,0.0,0,607518
2025-06-16,AESCMSED,11086.100000000002,176.74306678771973,267871.1287034035,270859.68753120425,-0.034700854475121654,-2988.558827800751,178.12982489676367,10126.961951637275,1.0,0.0,0,607518
2025-06-17,AESCMSED,11086.100000000002,175.17997455596924,259198.18690873147,267871.1287034035,-0.08994667338595463,-8672.941794672013,178.12982489676367,1454.02015696526,1.0,0.0,0,607518
2025-06-18,AESCMSED,11086.100000000002,174.25018405914307,258190.47546315193,259198.18690873147,-0.011841127902509858,-1007.7114455795288,178.12982489676367,446.30871138573093,1.0,0.0,0,607518
2025-06-20,AESCMSED,11086.100000000002,174.63015842437744,257773.37129506114,258190.47546315193,-0.004293985754985954,-417.1041680908205,178.12982489676367,29.204543294910764,1.0,0.0,0,607518
2025-06-23,AESCMSED,11086.100000000002,175.35280418395996,256718.03511610033,257773.37129506114,-0.011317991360100008,-1055.3361789608007,178.12982489676367,-1026.13163566589,1.0,0.0,0,607518
2025-06-24,AESCMSED,11086.100000000002,174.57276916503906,258447.8322396088,256718.03511610033,0.019746319551151276,1729.7971235084538,178.12982489676367,703.6654878425643,1.0,0.0,0,607518
2025-06-25,AESCMSED,11086.100000000002,171.42387199401855,255517.94092130664,258447.8322396088,-0.03484757231572211,-2929.8913183021546,178.12982489676367,-2226.2258304595903,1.0,0.0,0,607518
2025-06-26,AESCMSED,11086.100000000002,172.63967418670654,259185.0717915249,255517.94092130664,0.04179984201968784,3667.130870218278,178.12982489676367,1440.905039758687,1.0,0.0,0,607518
2025-06-27,AESCMSED,11086.100000000002,172.15687370300293,258017.18896535877,259185.0717915249,-0.013136548776070052,-1167.882826166153,178.12982489676367,273.0222135925342,1.0,0.0,0,607518
2025-06-30,AESCMSED,11086.100000000002,174.35791110992432,258477.49636502267,258017.18896535877,0.007670511281542171,460.3073996639248,178.12982489676367,733.3296132564592,1.0,0.0,0,607518
2025-07-01,AWKEDPCG,7755.139999999999,250.42277336120605,261650.69257707594,83546.62296844483,0.004284908766093643,357.9896571350098,253.2849891984073,-2564.259168548585,1.0,6894.92,3,607521
2025-07-02,AWKEDPCG,7755.139999999999,247.2596435546875,258666.49065544127,261650.69257707594,-0.03422422610876437,-2984.201921634674,253.2849891984073,-5548.461090183259,1.0,0.0,0,607521
2025-07-03,AWKEDPCG,7755.139999999999,247.30459690093994,258352.40397524834,258666.49065544127,-0.0036684297878433825,-314.08668019294737,253.2849891984073,-5862.547770376206,1.0,0.0,0,607521
2025-07-07,AWKEDPCG,7755.139999999999,246.3690423965454,256112.18384387012,258352.40397524834,-0.026034406423330103,-2240.220131378174,253.2849891984073,-8102.76790175438,1.0,0.0,0,607521
2025-07-08,AWKEDPCG,7755.139999999999,247.0443878173828,256598.20443359375,256112.18384387012,0.005761247122002189,486.020589723587,253.2849891984073,-7616.747312030793,1.0,0.0,0,607521
2025-07-09,AWKEDPCG,7755.139999999999,248.29474258422852,256722.24628910064,256598.20443359375,0.0012042896796452818,124.04185550689704,253.2849891984073,-7492.705456523896,1.0,0.0,0,607521
2025-07-10,AWKEDPCG,7755.139999999999,250.23656845092773,258337.21988803864,256722.24628910064,0.01868847236239956,1614.9735989379883,253.2849891984073,-5877.731857585908,1.0,0.0,0,607521
2025-07-11,AWKEDPCG,7755.139999999999,249.27326774597168,256942.65460824966,258337.21988803864,-0.016345300146057447,-1394.5652797889709,253.2849891984073,-7272.297137374879,1.0,0.0,0,607521
2025-07-14,AWKEDPCG,7755.139999999999,250.68288230895996,257769.70032686234,256942.65460824966,0.009389465525561748,827.0457186126708,253.2849891984073,-6445.251418762207,1.0,0.0,0,607521
2025-07-15,AWKEDPCG,7755.139999999999,246.81571865081787,252905.4105675983,257769.70032686234,-0.057199566426348714,-4864.289759263992,253.2849891984073,-11309.5411780262,1.0,0.0,0,607521
2025-07-16,AWKEDPCG,7755.139999999999,248.33478832244873,254878.22885239602,252905.4105675983,0.02372977456281127,1972.8182847976684,253.2849891984073,-9336.722893228532,1.0,0.0,0,607521
2025-07-17,AWKEDPCG,7755.139999999999,249.04669380187988,255915.79218099592,254878.22885239602,0.01245021651009785,1037.5633285999297,253.2849891984073,-8299.159564628602,1.0,0.0,0,607521
2025-07-18,AWKEDPCG,7755.139999999999,250.38129138946533,257931.46766257286,255915.79218099592,0.02402232663901785,2015.6754815769195,253.2849891984073,-6283.484083051682,0.9999999999999999,0.0,0,607521
2025-07-21,AWKEDPCG,7755.139999999999,251.201979637146,258315.4398346424,257931.46766257286,0.004099976113640577,383.97217206954963,253.2849891984073,-5899.511910982133,1.0,0.0,0,607521
2025-07-22,AWKEDPCG,7755.139999999999,254.96703338623047,262625.21727211,258315.4398346424,0.0503101194652519,4309.777437467575,253.2849891984073,-1589.7344735145582,1.0,0.0,0,607521
2025-07-23,AWKEDPCG,7755.139999999999,251.07748985290527,260303.18395715713,262625.21727211,-0.025824681131749037,-2322.03331495285,253.2849891984073,-3911.7677884674085,1.0,0.0,0,607521
2025-07-24,AWKEDPCG,7755.139999999999,249.37746810913086,259772.302834816,260303.18395715713,-0.0057916170077646,-530.8811223411559,253.2849891984073,-4442.648910808564,1.0,0.0,0,607521
2025-07-25,AWKEDPCG,7755.139999999999,249.62318992614746,261256.58015268325,259772.302834816,0.017312133544672988,1484.277317867279,253.2849891984073,-2958.3715929412856,1.0,0.0,0,607521
2025-07-28,AWKEDPCG,7755.139999999999,246.7166976928711,258546.0157455444,261256.58015268325,-0.031093301696289787,-2710.5644071388247,253.2849891984073,-5668.93600008011,1.0,0.0,0,607521
2025-07-29,AWKEDPCG,7755.139999999999,250.12859344482422,261069.2868863678,258546.0157455444,0.029341818815405544,2523.271140823364,253.2849891984073,-3145.6648592567453,1.0,0.0,0,607521
2025-07-30,AWKEDPCG,7755.139999999999,249.2303705215454,260763.2140421581,261069.2868863678,-0.0036553634820680964,-306.07284420967096,253.2849891984073,-3451.7377034664164,1.0,0.0,0,607521
2025-07-31,AWKEDPCG,7755.139999999999,250.6859827041626,261912.87985560414,260763.2140421581,0.013095259350834863,1149.665813446045,253.2849891984073,-2302.0718900203715,1.0,0.0,0,607521
2025-08-01,AWKNEEPCG,8279.94,224.87321281433105,266599.7713175011,172169.61473643302,0.04620835765820033,3965.997293691635,221.8039805079671,1867.3676120758055,1.0,1420.7,3,607524
2025-08-04,AWKNEEPCG,8279.94,227.1580057144165,273340.71078557015,266599.7713175011,0.07578647255122303,6740.939468069077,221.8039805079671,8608.307080144881,1.0,0.0,0,607524
2025-08-05,AWKNEEPCG,8279.94,222.56407642364502,271621.048823328,273340.71078557015,-0.019555523981311225,-1719.6619622421263,221.8039805079671,6888.645117902755,1.0,0.0,0,607524
2025-08-06,AWKNEEPCG,8279.94,222.297438621521,270813.0650557232,271621.048823328,-0.008730460402027412,-807.983767604828,221.8039805079671,6080.661350297927,1.0,0.0,0,607524
2025-08-07,AWKNEEPCG,8279.94,226.66099548339844,274411.3721092224,270813.0650557232,0.041319515141328124,3598.307053499222,221.8039805079671,9678.96840379715,1.0,0.0,0,607524
2025-08-08,AWKNEEPCG,8279.94,227.3609857559204,274456.046195879,274411.3721092224,0.0008443348773017182,44.67408665657035,221.8039805079671,9723.64249045372,1.0,0.0,0,607524
2025-08-11,AWKNEEPCG,8279.94,227.69410610198975,275315.39131884574,274456.046195879,0.009192764936838582,859.3451229667663,221.8039805079671,10582.987613420486,1.0,0.0,0,607524
2025-08-12,AWKNEEPCG,8279.94,224.8836965560913,275161.10018816945,275315.39131884574,-0.0031666138681105543,-154.29113067626986,221.8039805079671,10428.696482744217,1.0,0.0,0,607524
2025-08-13,AWKNEEPCG,8279.94,226.71371746063232,275399.3470741176,275161.10018816945,0.004081516547792511,238.246885948181,221.8039805079671,10666.943368692399,1.0000000000000002,0.0,0,607524
2025-08-14,AWKNEEPCG,8279.94,226.40078258514404,275505.29086333275,275399.3470741176,0.0008782801215523445,105.94378921508792,221.8039805079671,10772.887157907486,1.0,0.0,0,607524
2025-08-15,AWKNEEPCG,8279.94,229.71692752838135,277985.1180299854,275505.29086333275,0.02849580431214624,2479.82716665268,221.8039805079671,13252.714324560166,1.0,0.0,0,607524
2025-08-18,AWKNEEPCG,8279.94,228.86487483978271,278106.0681968212,277985.1180299854,0.000682217742028709,120.95016683578501,221.8039805079671,13373.66449139595,1.0,0.0,0,607524
2025-08-19,AWKNEEPCG,8279.94,232.6318235397339,283816.77125426295,278106.0681968212,0.06142041601052935,5710.703057441711,221.8039805079671,19084.36754883766,1.0,0.0,0,607524
2025-08-20,AWKNEEPCG,8279.94,232.47303104400635,282140.80383999826,283816.77125426295,-0.016874330897968998,-1675.967414264679,221.8039805079671,17408.400134572985,1.0,0.0,0,607524
2025-08-21,AWKNEEPCG,8279.94,231.93737125396729,277821.49870884896,282140.80383999826,-0.044517568779456784,-4319.305131149292,221.8039805079671,13089.09500342369,1.0,0.0,0,607524
2025-08-22,AWKNEEPCG,8279.94,233.01022815704346,281602.3139603519,277821.49870884896,0.04086318486306598,3780.8152515029906,221.8039805079671,16869.910254926683,1.0,0.0,0,607524
2025-08-25,AWKNEEPCG,8279.94,229.99031352996826,277473.4329913998,281602.3139603519,-0.043848009456065484,-4128.880968952179,221.8039805079671,12741.029285974502,0.9999999999999999,0.0,0,607524
2025-08-26,AWKNEEPCG,8279.94,229.21798706054688,277474.4143104553,277473.4329913998,-9.937605231781499e-05,0.9813190555571509,221.8039805079671,12742.01060503006,1.0,0.0,0,607524
2025-08-27,AWKNEEPCG,8279.94,229.10157775878906,276957.73202827456,277474.4143104553,-0.0051428956816529925,-516.6822821807863,221.8039805079671,12225.328322849273,0.9999999999999999,0.0,0,607524
2025-08-28,AWKNEEPCG,8279.94,226.01265048980713,273707.984551363,276957.73202827456,-0.03535766009243848,-3249.747476911545,221.8039805079671,8975.58084593773,1.0,0.0,0,607524
2025-08-29,AWKNEEPCG,8279.94,226.82851791381836,275840.24648532865,273707.984551363,0.022849597770715394,2132.261933965683,221.8039805079671,11107.842779903413,1.0,0.0,0,607524
2025-09-02,EDESNRG,3106.71,299.6095886230469,274832.82514160156,0.0,0.0,0.0,299.6095886230469,0.0,1.0,3106.71,3,607527
2025-09-03,EDESNRG,3106.71,301.64573669433594,276006.5786141968,274832.82514160156,0.012812228233035752,1173.753472595215,299.6095886230469,1173.753472595215,1.0,0.0,0,607527
2025-09-04,EDESNRG,3106.71,302.7426300048828,276788.6055236816,276006.5786141968,0.008463810571128693,782.0269094848633,299.6095886230469,1955.780382080078,1.0,0.0,0,607527
2025-09-05,EDESNRG,3106.71,302.80429458618164,276999.3381923294,276788.6055236816,0.002330564217969052,210.7326686477661,299.6095886230469,2166.5130507278445,1.0,0.0,0,607527
2025-09-08,EDESNRG,3106.71,300.8966064453125,274779.43382125854,276999.3381923294,-0.024147237532222216,-2219.904371070862,299.6095886230469,-53.39132034301747,1.0,0.0,0,607527
2025-09-09,EDESNRG,3106.71,306.65481185913086,279398.3488685227,274779.43382125854,0.050095637001661614,4618.9150472640995,299.6095886230469,4565.523726921082,0.9999999999999999,0.0,0,607527
2025-09-10,EDESNRG,3106.71,315.7488708496094,285329.97840423585,279398.3488685227,0.061847495367447755,5931.629535713196,299.6095886230469,10497.153262634278,1.0,0.0,0,607527
2025-09-11,EDESNRG,3106.71,314.08694076538086,285332.90306087496,285329.97840423585,0.0022254910663364567,2.9246566390993394,299.6095886230469,10500.077919273377,0.9999999999999999,0.0,0,607527
2025-09-12,EDESNRG,3106.71,321.4219055175781,290495.13697479246,285332.90306087496,0.052276759025336766,5162.233913917542,299.6095886230469,15662.311833190917,1.0,0.0,0,607527
2025-09-15,EDESNRG,3106.71,321.9422836303711,290500.73928993224,290495.13697479246,-0.0008555005016819732,5.602315139770553,299.6095886230469,15667.914148330688,1.0,0.0,0,607527
2025-09-16,EDESNRG,3106.71,316.6949768066406,284958.58120162965,290500.73928993224,-0.05799295052366129,-5542.158088302613,299.6095886230469,10125.756060028076,1.0,0.0,0,607527
2025-09-17,EDESNRG,3106.71,317.7470397949219,285795.54936752317,284958.58120162965,0.008984780855592836,836.9681658935548,299.6095886230469,10962.724225921631,1.0,0.0,0,607527
2025-09-18,EDESNRG,3106.71,317.8662452697754,286336.3350409317,285795.54936752317,0.006274353629518339,540.7856734085083,299.6095886230469,11503.50989933014,1.0,0.0,0,607527
2025-09-19,EDESNRG,3106.71,320.99864196777344,290911.85714675905,286336.3350409317,0.04966941512500665,4575.522105827331,299.6095886230469,16079.03200515747,1.0,0.0,0,607527
2025-09-22,EDESNRG,3106.71,329.20062255859375,297413.49230316165,290911.85714675905,0.06455651301859809,6501.635156402588,299.6095886230469,22580.667161560057,0.9999999999999999,0.0,0,607527
2025-09-23,EDESNRG,3106.71,329.2768325805664,299557.49387428287,297413.49230316165,0.025281927705710364,2144.0015711212163,299.6095886230469,24724.668732681275,0.9999999999999999,0.0,0,607527
2025-09-24,EDESNRG,3106.71,327.3871765136719,298169.14269058226,299557.49387428287,-0.013020757114197588,-1388.3511837005615,299.6095886230469,23336.31754898071,1.0,0.0,0,607527
2025-09-25,EDESNRG,3106.71,323.76084899902344,295208.8244241333,298169.14269058226,-0.029161522641175705,-2960.3182664489746,299.6095886230469,20375.99928253174,1.0,0.0,0,607527
2025-09-26,EDESNRG,3106.71,331.78955841064453,301794.76958290103,295208.8244241333,0.06587890358144807,6585.9451587677,299.6095886230469,26961.94444129944,0.9999999999999999,0.0,0,607527
2025-09-29,EDESNRG,3106.71,329.2738265991211,300813.8582009125,301794.76958290103,-0.008770297095705981,-980.9113819885256,299.6095886230469,25981.033059310914,1.0,0.0,0,607527
2025-09-30,EDESNRG,3106.71,327.43028259277344,300456.2627078247,300813.8582009125,-0.002313407869239892,-357.5954930877688,299.6095886230469,25623.437566223147,1.0,0.0,0,607527
2025-10-01,AWKPNWVST,2401.61,419.6768264770508,298256.9735783386,0.0,0.0,0.0,419.6768264770508,0.0,1.0,2401.61,3,607530
2025-10-02,AWKPNWVST,2401.61,420.0599822998047,298141.719447937,298256.9735783386,-0.0011591947950551698,-115.25413040161129,419.6768264770508,-115.25413040161129,1.0,0.0,0,607530
2025-10-03,AWKPNWVST,2401.61,423.7440414428711,301976.2070948791,298141.719447937,0.03872887354232747,3834.487646942139,419.6768264770508,3719.2335165405275,1.0,0.0,0,607530
2025-10-06,AWKPNWVST,2401.61,423.9584426879883,302787.72711380007,301976.2070948791,0.007913512687695112,811.5200189208985,419.6768264770508,4530.753535461426,1.0,0.0,0,607530
2025-10-07,AWKPNWVST,2401.61,427.7969284057617,306314.2147964478,302787.72711380007,0.034525104563076135,3526.4876826477052,419.6768264770508,8057.24121810913,0.9999999999999999,0.0,0,607530
2025-10-08,AWKPNWVST,2401.61,433.21878814697266,308618.08348220825,306314.2147964478,0.024004705859056386,2303.868685760498,419.6768264770508,10361.109903869628,1.0,0.0,0,607530
2025-10-09,AWKPNWVST,2401.61,436.3243408203125,309928.9095561218,308618.08348220825,0.012929577086215508,1310.8260739135744,419.6768264770508,11671.935977783203,1.0,0.0,0,607530
2025-10-10,AWKPNWVST,2401.61,425.9266891479492,305780.7512272644,309928.9095561218,-0.03993539989811395,-4148.158328857422,419.6768264770508,7523.777648925781,1.0,0.0,0,607530
2025-10-13,AWKPNWVST,2401.61,435.0093231201172,309278.2302851868,305780.7512272644,0.038002228322300206,3497.479057922364,419.6768264770508,11021.256706848144,1.0,0.0,0,607530
2025-10-14,AWKPNWVST,2401.61,434.1596450805664,310183.41923721315,309278.2302851868,0.008870245671960448,905.1889520263671,419.6768264770508,11926.44565887451,1.0,0.0,0,607530
2025-10-15,AWKPNWVST,2401.61,440.6806335449219,313819.8710409546,310183.41923721315,0.03561877381021987,3636.451803741455,419.6768264770508,15562.897462615967,1.0,0.0,0,607530
2025-10-16,AWKPNWVST,2401.61,440.2090835571289,313294.1756257629,313819.8710409546,-0.00493989355232363,-525.6954151916503,419.6768264770508,15037.202047424316,1.0,0.0,0,607530
2025-10-17,AWKPNWVST,2401.61,431.93031311035156,309436.73612411495,313294.1756257629,-0.03721063390276783,-3857.4395016479493,419.6768264770508,11179.762545776366,1.0,0.0,0,607530
2025-10-20,AWKPNWVST,2401.61,426.0292282104492,306638.9882524109,309436.73612411495,-0.028555743648549414,-2797.7478717041013,419.6768264770508,8382.014674072267,1.0,0.0,0,607530
2025-10-21,AWKPNWVST,2401.61,416.6110076904297,301338.55501861573,306638.9882524109,-0.053869403724867024,-5300.4332337951655,419.6768264770508,3081.5814402770993,1.0,0.0,0,607530
2025-10-22,AWKPNWVST,2401.61,415.8814010620117,301123.6922517395,301338.55501861573,-0.0024534160121727176,-214.86276687622075,419.6768264770508,2866.7186734008774,1.0,0.0,0,607530
2025-10-23,AWKPNWVST,2401.61,420.2132110595703,302949.04030838015,301123.6922517395,0.021163123858622082,1825.3480566406251,419.6768264770508,4692.066730041503,0.9999999999999999,0.0,0,607530
2025-10-24,AWKPNWVST,2401.61,428.873779296875,306712.62874023436,302949.04030838015,0.04108039643139082,3763.5884318542485,419.6768264770508,8455.655161895751,1.0,0.0,0,607530
2025-10-27,AWKPNWVST,2401.61,422.87418365478516,302650.92973770143,306712.62874023436,-0.03967018451739437,-4061.6990025329587,419.6768264770508,4393.956159362793,1.0,0.0,0,607530
2025-10-28,AWKPNWVST,2401.61,409.99610900878906,294767.5165542603,302650.92973770143,-0.07894853190097018,-7883.413183441162,419.6768264770508,-3489.4570240783696,1.0,0.0,0,607530
2025-10-29,AWKPNWVST,2401.61,412.5695495605469,293869.8528554535,294767.5165542603,-0.006370834699551416,-897.6636988067621,419.6768264770508,-4387.120722885133,1.0,0.0,0,607530
2025-10-30,AWKPNWVST,2401.61,400.07483673095703,287133.8276776886,293869.8528554535,-0.06946182495095415,-6736.025177764894,419.6768264770508,-11123.145900650024,1.0,0.0,0,607530
2025-10-31,AWKPNWVST,2401.61,399.3653259277344,286540.8755937958,287133.8276776886,-0.005280092465047982,-592.9520838928221,419.6768264770508,-11716.097984542846,1.0,0.0,0,607530
2025-11-03,AWKDVST,2981.43,372.33956146240234,289170.3909301758,186736.3879981232,0.006018146388878348,541.1809053802492,390.1070652932042,-11558.247076110842,1.0,1740.4,3,607533
2025-11-04,AWKDVST,2981.43,367.94149017333984,288502.84258270264,289170.3909301758,-0.006875632902473779,-667.5483474731445,390.1070652932042,-12225.795423583986,1.0,0.0,0,607533
2025-11-05,AWKDVST,2981.43,374.76673126220703,293149.19697204593,288502.84258270264,0.048452443152024294,4646.354389343262,390.1070652932042,-7579.441034240724,0.9999999999999999,0.0,0,607533
2025-11-06,AWKDVST,2981.43,369.36070251464844,290971.4766160584,293149.19697204593,-0.02283981339625054,-2177.720355987549,390.1070652932042,-9757.161390228273,1.0,0.0,0,607533
2025-11-07,AWKDVST,2981.43,378.07353591918945,296963.0593373871,290971.4766160584,0.06275615599474715,5991.582721328736,390.1070652932042,-3765.5786688995377,1.0,0.0,0,607533
2025-11-10,AWKDVST,2981.43,372.815185546875,292980.53156204225,296963.0593373871,-0.0402920894805599,-3982.527775344849,390.1070652932042,-7748.106444244386,1.0,0.0,0,607533
2025-11-11,AWKDVST,2981.43,365.10120010375977,289784.37842979433,292980.53156204225,-0.03471869353949625,-3196.153132247925,390.1070652932042,-10944.25957649231,1.0,0.0,0,607533
2025-11-12,AWKDVST,2981.43,364.14440155029297,289435.34033859253,289784.37842979433,-0.004035823577890249,-349.03809120178227,390.1070652932042,-11293.297667694094,1.0,0.0,0,607533
2025-11-13,AWKDVST,2981.43,359.46114349365234,287199.96666641237,289435.34033859253,-0.026258690046042386,-2235.373672180176,390.1070652932042,-13528.671339874269,1.0,0.0,0,607533
2025-11-14,AWKDVST,2981.43,362.4356689453125,288377.87165893556,287199.96666641237,0.014368692060402397,1177.9049925231934,390.1070652932042,-12350.766347351077,1.0,0.0,0,607533
2025-11-17,AWKDVST,2981.43,364.7003402709961,290895.984203949,288377.87165893556,0.025349778907289646,2518.1125450134277,390.1070652932042,-9832.653802337649,1.0,0.0,0,607533
2025-11-18,AWKDVST,2981.43,361.34251403808594,288388.7259173584,290895.984203949,-0.025004545646255847,-2507.258286590576,390.1070652932042,-12339.912088928224,1.0,0.0,0,607533
2025-11-19,AWKDVST,2981.43,362.07081604003906,286524.9041650391,288388.7259173584,-0.014919874039482826,-1863.8217523193357,390.1070652932042,-14203.73384124756,1.0,0.0,0,607533
2025-11-20,AWKDVST,2981.43,358.3590621948242,285682.02344055177,286524.9041650391,-0.011286552240265174,-842.8807244873049,390.1070652932042,-15046.614565734866,1.0,0.0,0,607533
2025-11-21,AWKDVST,2981.43,358.34705352783203,287688.9974739075,285682.02344055177,0.016579069733618335,2006.974033355713,390.1070652932042,-13039.640532379153,1.0,0.0,0,607533
2025-11-24,AWKDVST,2981.43,363.7827568054199,290228.5925363922,287688.9974739075,0.03170008913466023,2539.5950624847414,390.1070652932042,-10500.045469894409,1.0,0.0,0,607533
2025-11-25,AWKDVST,2981.43,358.33791732788086,287117.3528881073,290228.5925363922,-0.03404218573552539,-3111.2396482849126,390.1070652932042,-13611.285118179323,1.0,0.0,0,607533
2025-11-26,AWKDVST,2981.43,364.7093811035156,291324.9207281494,287117.3528881073,0.04699475572569232,4207.567840042115,390.1070652932042,-9403.717278137208,1.0,0.0,0,607533
2025-11-28,AWKDVST,2981.43,367.20058822631836,292902.4425107575,291324.9207281494,0.017023397716216408,1577.5217826080325,390.1070652932042,-7826.195495529175,0.9999999999999999,0.0,0,607533
2025-12-01,AWKESVST,2784.06,366.4728088378906,287557.7128381348,189657.61339645385,-0.022034955124872063,-1892.2694065856936,395.1728782922829,-16614.848518232135,1.0,1500.5699999999997,3,607536
2025-12-02,AWKESVST,2784.06,364.90869140625,286427.38762176514,287557.7128381348,-0.011791963342088183,-1130.3252163696288,395.1728782922829,-17745.17373460176,1.0,0.0,0,607536
2025-12-03,AWKESVST,2784.06,363.900577545166,285602.50643692014,286427.38762176514,-0.0086607395157861,-824.8811848449707,395.1728782922829,-18570.054919446735,1.0,0.0,0,607536
2025-12-04,AWKESVST,2784.06,367.34449005126953,288117.2091572571,285602.50643692014,0.02669658719405963,2514.702720336914,395.1728782922829,-16055.35219910982,1.0,0.0,0,607536
2025-12-05,AWKESVST,2784.06,358.7340621948242,283157.76515518187,288117.2091572571,-0.05089897758581463,-4959.444002075195,395.1728782922829,-21014.796201185018,1.0,0.0,0,607536
2025-12-08,AWKESVST,2784.06,356.6240921020508,281758.4272741699,283157.76515518187,-0.014911174547334937,-1399.337881011963,395.1728782922829,-22414.13408219698,1.0,0.0,0,607536
2025-12-09,AWKESVST,2784.06,356.1065902709961,282432.2040965271,281758.4272741699,0.006642449884805054,673.7768223571777,395.1728782922829,-21740.357259839802,1.0,0.0,0,607536
2025-12-10,AWKESVST,2784.06,356.8338165283203,282761.0521182251,282432.2040965271,0.003683638799512827,328.8480216979981,395.1728782922829,-21411.509238141804,1.0,0.0,0,607536
2025-12-11,AWKESVST,2784.06,367.4501190185547,288787.330430603,282761.0521182251,0.06581390058933266,6026.27831237793,395.1728782922829,-15385.230925763874,1.0,0.0,0,607536
2025-12-12,AWKESVST,2784.06,364.9985809326172,288247.6373727417,288787.330430603,-0.005513073264405172,-539.693057861328,395.1728782922829,-15924.923983625202,1.0,0.0,0,607536
2025-12-15,AWKESVST,2784.06,365.95211029052734,289489.1189730835,288247.6373727417,0.012553657033921674,1241.4816003417968,395.1728782922829,-14683.442383283404,1.0,0.0,0,607536
2025-12-16,AWKESVST,2784.06,369.2757797241211,290639.0524240112,289489.1189730835,0.013373490557803968,1149.9334509277346,395.1728782922829,-13533.50893235567,1.0,0.0,0,607536
2025-12-17,AWKESVST,2784.06,357.2637405395508,284344.6688345337,290639.0524240112,-0.06586720367360911,-6294.383589477539,395.1728782922829,-19827.892521833208,1.0,0.0,0,607536
2025-12-18,AWKESVST,2784.06,363.14623260498047,288062.4409060669,284344.6688345337,0.04177410350881469,3717.772071533203,395.1728782922829,-16110.120450300004,0.9999999999999999,0.0,0,607536
2025-12-19,AWKESVST,2784.06,356.4855422973633,283106.6875057983,288062.4409060669,-0.05178274789574189,-4955.753400268554,395.1728782922829,-21065.87385056856,1.0,0.0,0,607536
2025-12-22,AWKESVST,2784.06,355.5610885620117,281836.41082611086,283106.6875057983,-0.013347967129137675,-1270.2766796874998,395.1728782922829,-22336.15053025606,0.9999999999999999,0.0,0,607536
2025-12-23,AWKESVST,2784.06,355.0762176513672,281697.62479400635,281836.41082611086,-0.0013712449068910496,-138.78603210449225,395.1728782922829,-22474.936562360555,1.0,0.0,0,607536
2025-12-24,AWKESVST,2784.06,356.66068267822266,283394.7593588257,281697.62479400635,0.017750300061750185,1697.134564819336,395.1728782922829,-20777.801997541217,1.0,0.0,0,607536
2025-12-26,AWKESVST,2784.06,355.7297592163086,282815.91423187254,283394.7593588257,-0.006160194683615697,-578.8451269531249,395.1728782922829,-21356.647124494342,1.0,0.0,0,607536
2025-12-29,AWKESVST,2784.06,356.2546691894531,283144.80312286376,282815.91423187254,0.003520687421231961,328.888890991211,395.1728782922829,-21027.75823350313,1.0,0.0,0,607536
2025-12-30,AWKESVST,2784.06,357.55230712890625,284216.9989962769,283144.80312286376,0.011402551561751035,1072.1958734130858,395.1728782922829,-19955.562360090044,0.9999999999999999,0.0,0,607536
2025-12-31,AWKESVST,2784.06,355.4293975830078,282722.037946167,284216.9989962769,-0.015993967477123106,-1494.9610501098632,395.1728782922829,-21450.52341019991,1.0,0.0,0,607536
2026-01-02,EVRGLNTXEL,4085.04,210.02157592773438,285062.1156109619,0.0,0.0,0.0,210.02157592773438,0.0,1.0,4085.04,3,607803
2026-01-05,EVRGLNTXEL,4085.04,207.98401641845703,282285.1842956543,285062.1156109619,-0.0292244801905486,-2776.9313153076173,210.02157592773438,-2776.9313153076173,1.0,0.0,0,607803
2026-01-06,EVRGLNTXEL,4085.04,209.58818817138672,284465.8138876343,282285.1842956543,0.023181594799852975,2180.6295919799804,210.02157592773438,-596.3017233276368,0.9999999999999999,0.0,0,607803
2026-01-07,EVRGLNTXEL,4085.04,207.04790115356445,281029.1335860443,284465.8138876343,-0.03625813065559089,-3436.680301589966,210.02157592773438,-4032.9820249176028,1.0,0.0,0,607803
2026-01-08,EVRGLNTXEL,4085.04,208.56372833251953,283168.07409484865,281029.1335860443,0.022821189407218074,2138.9405088043213,210.02157592773438,-1894.0415161132812,1.0,0.0,0,607803
2026-01-09,EVRGLNTXEL,4085.04,208.79090118408203,283363.9093536377,283168.07409484865,0.0022616834738659834,195.8352587890622,210.02157592773438,-1698.2062573242188,1.0,0.0,0,607803
2026-01-12,EVRGLNTXEL,4085.04,209.2134552001953,283952.51641098026,283363.9093536377,0.006221221776523437,588.6070573425293,210.02157592773438,-1109.5991999816895,0.9999999999999999,0.0,0,607803
2026-01-13,EVRGLNTXEL,4085.04,211.68468475341797,287338.3942225647,283952.51641098026,0.03581722180894053,3385.8778115844725,210.02157592773438,2276.2786116027833,1.0,0.0,0,607803
2026-01-14,EVRGLNTXEL,4085.04,214.9133529663086,291670.5007710266,287338.3942225647,0.04523118544858519,4332.106548461914,210.02157592773438,6608.385160064698,1.0,0.0,0,607803
2026-01-15,EVRGLNTXEL,4085.04,214.79402923583984,291567.56010833743,291670.5007710266,-0.001123057169714824,-102.94066268920892,210.02157592773438,6505.444497375489,1.0,0.0,0,607803
2026-01-16,EVRGLNTXEL,4085.04,215.96505737304688,293149.44002761843,291567.56010833743,0.0162021599833729,1581.8799192810059,210.02157592773438,8087.324416656495,1.0,0.0,0,607803
2026-01-20,EVRGLNTXEL,4085.04,216.1922607421875,293422.8558479309,293149.44002761843,0.0029888834398285793,273.41582031249993,210.02157592773438,8360.740236968995,1.0,0.0,0,607803
2026-01-21,EVRGLNTXEL,4085.04,217.41243743896484,295050.5755534363,293422.8558479309,0.0165606006227704,1627.7197055053712,210.02157592773438,9988.459942474365,1.0,0.0,0,607803
2026-01-22,EVRGLNTXEL,4085.04,215.54212951660156,292513.62366516114,295050.5755534363,-0.025788995106637153,-2536.9518882751463,210.02157592773438,7451.508054199219,1.0,0.0,0,607803
2026-01-23,EVRGLNTXEL,4085.04,214.13426208496094,290672.0351504517,292513.62366516114,-0.018886867392427047,-1841.5885147094727,210.02157592773438,5609.919539489746,1.0,0.0,0,607803
2026-01-26,EVRGLNTXEL,4085.04,215.90589141845703,293019.08976913453,290672.0351504517,0.024182448819101292,2347.0546186828615,210.02157592773438,7956.9741581726075,1.0,0.0,0,607803
2026-01-27,EVRGLNTXEL,4085.04,217.16596221923828,294693.4073051453,293019.08976913453,0.01713745055463279,1674.3175360107423,210.02157592773438,9631.29169418335,1.0,0.0,0,607803
2026-01-28,EVRGLNTXEL,4085.04,215.50234985351562,292366.8535455322,294693.4073051453,-0.023741246379557376,-2326.553759613037,210.02157592773438,7304.737934570313,1.0,0.0,0,607803
2026-01-29,EVRGLNTXEL,4085.04,215.25650787353516,292053.30260314944,292366.8535455322,-0.0031227759040497512,-313.55094238281254,210.02157592773438,6991.1869921875,1.0,0.0,0,607803
2026-01-30,EVRGLNTXEL,4085.04,215.81334686279297,292803.8544282532,292053.30260314944,0.007646412947600352,750.5518251037598,210.02157592773438,7741.73881729126,1.0,0.0,0,607803
2026-02-02,CEGSREVST,2109.16,508.94774627685547,288063.4465682983,0.0,0.0,0.0,508.94774627685547,0.0,1.0,2109.16,3,607806
2026-02-03,CEGSREVST,2109.16,506.0373764038086,287286.48470977787,288063.4465682983,-0.008091967490708873,-776.9618585205079,508.94774627685547,-776.9618585205079,0.9999999999999999,0.0,0,607806
2026-02-04,CEGSREVST,2109.16,477.2833786010742,273974.061088562,287286.48470977787,-0.13976410788132043,-13312.423621215821,508.94774627685547,-14089.38547973633,1.0,0.0,0,607806
2026-02-05,CEGSREVST,2109.16,474.4712600708008,273144.6214828491,273974.061088562,-0.009369537148405176,-829.4396057128906,508.94774627685547,-14918.82508544922,1.0,0.0,0,607806
2026-02-06,CEGSREVST,2109.16,496.0418701171875,283110.2248007202,273144.6214828491,0.11219254262888506,9965.603317871093,508.94774627685547,-4953.221767578125,1.0,0.0,0,607806
2026-02-09,CEGSREVST,2109.16,510.17005157470703,289113.9336639404,283110.2248007202,0.06460382352738832,6003.708863220215,508.94774627685547,1050.4870956420898,1.0,0.0,0,607806
2026-02-10,CEGSREVST,2109.16,517.9636917114258,295355.2336862183,289113.9336639404,0.0650079268305358,6241.300022277833,508.94774627685547,7291.787117919923,1.0,0.0,0,607806
2026-02-11,CEGSREVST,2109.16,525.6649780273438,299369.89626983646,295355.2336862183,0.04100467770468016,4014.6625836181643,508.94774627685547,11306.449701538086,0.9999999999999999,0.0,0,607806
2026-02-12,CEGSREVST,2109.16,529.4664459228516,302740.43846588134,299369.89626983646,0.03344078498378973,3370.542196044922,508.94774627685547,14676.991897583008,1.0,0.0,0,607806
2026-02-13,CEGSREVST,2109.16,552.069938659668,314542.6866082764,302740.43846588134,0.11746909485686384,11802.24814239502,508.94774627685547,26479.24003997803,1.0,0.0,0,607806
2026-02-17,CEGSREVST,2109.16,566.9775390625,319024.8984890747,314542.6866082764,0.04390672306148023,4482.21188079834,508.94774627685547,30961.451920776366,1.0,0.0,0,607806
2026-02-18,CEGSREVST,2109.16,553.748893737793,312565.3986468506,319024.8984890747,-0.0604955761920471,-6459.4998422241215,508.94774627685547,24501.952078552247,1.0,0.0,0,607806
2026-02-19,CEGSREVST,2109.16,554.5131454467773,314300.5330496216,312565.3986468506,0.016704995735809545,1735.1344027709963,508.94774627685547,26237.086481323244,1.0,0.0,0,607806
2026-02-20,CEGSREVST,2109.16,557.1588668823242,315388.98783538816,314300.5330496216,0.010764737978120435,1088.4547857666016,508.94774627685547,27325.541267089844,1.0,0.0,0,607806
2026-02-23,CEGSREVST,2109.16,552.5811157226562,312835.17288024904,315388.98783538816,-0.023996355538726026,-2553.8149551391607,508.94774627685547,24771.726311950682,1.0,0.0,0,607806
2026-02-24,CEGSREVST,2109.16,575.5410308837891,322303.32641510013,312835.17288024904,0.09084357657153883,9468.153534851075,508.94774627685547,34239.87984680176,0.9999999999999999,0.0,0,607806
2026-02-25,CEGSREVST,2109.16,592.9551773071289,329900.62342742924,322303.32641510013,0.06965344234889047,7597.297012329102,508.94774627685547,41837.176859130865,1.0,0.0,0,607806
2026-02-26,CEGSREVST,2109.16,592.8279724121094,330780.81369659427,329900.62342742924,0.008735933224373122,880.1902691650392,508.94774627685547,42717.3671282959,1.0,0.0,0,607806
2026-02-27,CEGSREVST,2109.16,597.2628479003906,332388.93662994384,330780.81369659427,0.014201601581893597,1608.1229333496092,508.94774627685547,44325.49006164551,1.0,0.0,0,607806
2026-03-02,CEGDVST,2726.2200000000003,554.1723327636719,325787.56874786376,225172.94077606202,-0.05367638669654792,-5881.580305480958,486.9352645463872,26000.917797241207,1.0,1746.54,3,607809
2026-03-03,CEGDVST,2726.2200000000003,547.2444038391113,321581.4223056412,325787.56874786376,-0.03871307774605298,-4206.146442222596,486.9352645463872,21794.77135501861,1.0,0.0,0,607809
2026-03-04,CEGDVST,2726.2200000000003,546.7767868041992,321808.162420578,321581.4223056412,0.0022931947081439707,226.74011493682883,486.9352645463872,22021.51146995544,1.0,0.0,0,607809
2026-03-05,CEGDVST,2726.2200000000003,560.4247703552246,328256.2913737107,321808.162420578,0.06016118838067293,6448.12895313263,486.9352645463872,28469.64042308807,1.0,0.0,0,607809
2026-03-06,CEGDVST,2726.2200000000003,538.9640579223633,318616.5405390167,328256.2913737107,-0.087639082608481,-9639.75083469391,486.9352645463872,18829.88958839416,1.0,0.0,0,607809
2026-03-09,CEGDVST,2726.2200000000003,547.9438629150391,322753.2532829285,318616.5405390167,0.03978263344842529,4136.712743911744,486.9352645463872,22966.6023323059,1.0,0.0,0,607809
2026-03-10,CEGDVST,2726.2200000000003,542.6526565551758,320991.61867683416,322753.2532829285,-0.016360876291566517,-1761.6346060943606,486.9352645463872,21204.967726211544,0.9999999999999999,0.0,0,607809
2026-03-11,CEGDVST,2726.2200000000003,520.5376968383789,311210.07256660465,320991.61867683416,-0.09188335986051535,-9781.546110229494,486.9352645463872,11423.421615982048,1.0,0.0,0,607809
2026-03-12,CEGDVST,2726.2200000000003,522.4389801025391,312854.30347518926,311210.07256660465,0.01562606981744322,1644.2309085845948,486.9352645463872,13067.652524566642,1.0,0.0,0,607809
2026-03-13,CEGDVST,2726.2200000000003,522.3966636657715,313151.0253577805,312854.30347518926,0.0026694313689730152,296.7218825912475,486.9352645463872,13364.374407157891,1.0,0.0,0,607809
2026-03-16,CEGDVST,2726.2200000000003,529.4403190612793,316770.309842186,313151.0253577805,0.03507342825662935,3619.284484405518,486.9352645463872,16983.658891563406,1.0,0.0,0,607809
2026-03-17,CEGDVST,2726.2200000000003,533.4944496154785,318334.11788684846,316770.309842186,0.015200756299010488,1563.8080446624758,486.9352645463872,18547.466936225886,1.0,0.0,0,607809
2026-03-18,CEGDVST,2726.2200000000003,547.9619255065918,323869.27897457127,318334.11788684846,0.0530383910903762,5535.1610877227795,486.9352645463872,24082.628023948666,1.0,0.0,0,607809
2026-03-19,CEGDVST,2726.2200000000003,543.3023834228516,319790.4053871155,323869.27897457127,-0.03750033613138426,-4078.8735874557497,486.9352645463872,20003.754436492913,1.0,0.0,0,607809
2026-03-20,CEGDVST,2726.2200000000003,486.15966033935547,291649.439646225,319790.4053871155,-0.2621999376053633,-28140.965740890504,486.9352645463872,-8137.211304397591,1.0,0.0,0,607809
2026-03-23,CEGDVST,2726.2200000000003,499.61589431762695,298446.57519138337,291649.439646225,0.07105505657842172,6797.135545158388,486.9352645463872,-1340.0757592392047,1.0,0.0,0,607809
2026-03-24,CEGDVST,2726.2200000000003,506.5715217590332,301851.3182239151,298446.57519138337,0.034540835931724315,3404.743032531738,486.9352645463872,2064.6672732925335,1.0,0.0,0,607809
2026-03-25,CEGDVST,2726.2200000000003,514.2062187194824,304546.37155635835,301851.3182239151,0.027274344418285374,2695.0533324432377,486.9352645463872,4759.720605735771,1.0,0.0,0,607809
2026-03-26,CEGDVST,2726.2200000000003,507.11535263061523,302772.1182029343,304546.37155635835,-0.01763258926911151,-1774.2533534240724,486.9352645463872,2985.467252311698,1.0,0.0,0,607809
2026-03-27,CEGDVST,2726.2200000000003,516.5613212585449,306918.91860042576,302772.1182029343,0.04189353102121224,4146.800397491455,486.9352645463872,7132.267649803154,1.0,0.0,0,607809
2026-03-30,CEGDVST,2726.2200000000003,506.70734786987305,302404.762380333,306918.91860042576,-0.044851587132390375,-4514.156220092775,486.9352645463872,2618.1114297103795,1.0,0.0,0,607809
2026-03-31,CEGDVST,2726.2200000000003,490.14369201660156,297758.6890126038,302404.762380333,-0.046246962239699374,-4646.073367729187,486.9352645463872,-2027.9619380188078,1.0,0.0,0,607809
